game_pk,side,ticker,entry_time,entry_decision_time,entry_price,contracts,fees,exit_time,exit_price,pnl,exit_reason
824382,home_yes,KXMLBGAME-26SEP161310CWSCLE-CLE,2026-09-16 18:27:55.814579+00:00,2026-09-16 18:27:55+00:00,0.4,1.0,0.01679999999999998,2026-09-16 19:53:48.447388928+00:00,1.0,0.5831999999999999,exchange_settlement
823334,home_yes,KXMLBGAME-26SEP171235MILPIT-PIT,2026-09-17 17:23:15.722475+00:00,2026-09-17 17:23:15+00:00,0.84,1.0,0.009500000000000064,2026-09-17 19:40:04.620416+00:00,1.0,0.15049999999999997,exchange_settlement
822923,away_yes,KXMLBGAME-26SEP181910BOSTB-BOS,2026-09-18 23:23:05.705806+00:00,2026-09-18 23:23:05+00:00,0.38,1.0,0.016500000000000015,2026-09-19 02:04:44.544922880+00:00,1.0,0.6034999999999999,exchange_settlement
823898,home_yes,KXMLBGAME-26SEP182215SFLAD-LAD,2026-09-19 04:12:40.782181+00:00,2026-09-19 04:12:40+00:00,0.8200000000000001,1.0,0.010399999999999965,2026-09-19 05:06:34.687392+00:00,1.0,0.16959999999999997,exchange_settlement
822921,away_yes,KXMLBGAME-26SEP191610BOSTB-BOS,2026-09-19 21:28:50.870218+00:00,2026-09-19 21:28:50+00:00,0.47000000000000003,1.0,0.01749999999999996,2026-09-19 22:49:14.641225984+00:00,0.0,-0.4875,exchange_settlement
824137,home_yes,KXMLBGAME-26SEP191910ATLHOU-HOU,2026-09-20 01:03:40.839077+00:00,2026-09-20 01:03:40+00:00,0.17,1.0,0.009899999999999992,2026-09-20 02:04:04.589071872+00:00,0.0,-0.1799,exchange_settlement
823899,home_yes,KXMLBGAME-26SEP192110SFLAD-LAD,2026-09-20 02:31:30.913297+00:00,2026-09-20 02:31:30+00:00,0.64,1.0,0.016199999999999992,2026-09-20 04:13:34.591676928+00:00,1.0,0.3438,exchange_settlement
823896,home_yes,KXMLBGAME-26SEP201610SFLAD-LAD,2026-09-20 21:51:15.690623+00:00,2026-09-20 21:51:15+00:00,0.66,1.0,0.015799999999999925,2026-09-20 22:54:04.553006080+00:00,1.0,0.32420000000000004,exchange_settlement
825028,home_yes,KXMLBGAME-26SEP201610NYYAZ-AZ,2026-09-20 22:00:45.839656+00:00,2026-09-20 22:00:45+00:00,0.73,1.0,0.013800000000000034,2026-09-20 23:04:34.535643904+00:00,1.0,0.2562,exchange_settlement
823169,home_yes,KXMLBGAME-26SEP212145MINSF-SF,2026-09-22 02:45:25.895767+00:00,2026-09-22 02:45:25+00:00,0.79,1.0,0.011699999999999933,2026-09-22 04:24:18.282465024+00:00,1.0,0.19830000000000003,exchange_settlement
824624,home_yes,KXMLBGAME-26SEP221940MIACHC-CHC,2026-09-23 01:43:20.833218+00:00,2026-09-23 01:43:20+00:00,0.72,1.0,0.01419999999999999,2026-09-23 03:59:48.308879104+00:00,0.0,-0.7342,exchange_settlement
824868,home_yes,KXMLBGAME-26SEP231915CINATL-ATL,2026-09-24 01:07:15.763091+00:00,2026-09-24 01:07:15+00:00,0.7,1.0,0.014700000000000046,2026-09-24 02:09:48.255318016+00:00,1.0,0.2853,exchange_settlement
824951,home_yes,KXMLBGAME-26SEP232140LAAATH-ATH,2026-09-24 03:16:25.750935+00:00,2026-09-24 03:16:25+00:00,0.75,1.0,0.01319999999999999,2026-09-24 04:45:58.237373952+00:00,1.0,0.2368,exchange_settlement
823083,home_yes,KXMLBGAME-26SEP262140LAASEA-SEA,2026-09-27 03:00:40.774832+00:00,2026-09-27 03:00:40+00:00,0.75,1.0,0.01319999999999999,2026-09-27 04:40:46.441038080+00:00,1.0,0.2368,exchange_settlement
