inning_topbot_after,delta_inning,delta_outs,delta_score_diff,delta_runner_on_first,delta_runner_on_second,delta_runner_on_third,count_reset,transitions,mean,std,median,minimum,maximum,positive_rate
0.0,0,0,0,0.0,0.0,0.0,False,87625,0.0,0.0,-0.0,-0.0,-0.0,0.0
1.0,0,0,0,0.0,0.0,0.0,False,84104,0.0,0.0,0.0,0.0,0.0,0.0
0.0,0,1,0,0.0,0.0,0.0,True,11186,-0.006643251000092801,0.008678344837849147,-0.0,-0.02397835714428198,-0.0,0.0
1.0,0,1,0,0.0,0.0,0.0,True,10521,-0.0062699331371713195,0.007907211723814105,0.0,-0.02171932408541538,0.0,0.0
0.0,0,0,0,1.0,0.0,0.0,True,4099,0.0,0.0,-0.0,-0.0,-0.0,0.0
1.0,0,0,0,1.0,0.0,0.0,True,4033,0.0,0.0,0.0,0.0,0.0,0.0
1.0,0,-2,0,0.0,0.0,0.0,True,2712,0.024988898249273573,0.018661712328004645,0.021797240717504107,-0.0027655582145502677,0.07669147500106333,0.9660766961651918
0.0,1,-2,0,0.0,0.0,0.0,True,2409,0.024321675897069916,0.01898604246052043,0.022689292096328195,-0.0016025158087678015,0.07868786270639416,0.9572436695724367
0.0,0,0,0,0.0,1.0,0.0,True,1716,0.0,0.0,-0.0,-0.0,-0.0,0.0
1.0,0,0,0,0.0,1.0,0.0,True,1579,0.0,0.0,0.0,0.0,0.0,0.0
1.0,0,1,0,0.0,0.0,0.0,False,1252,-0.005597885686817486,0.007529465029390335,0.0,-0.02171932408541538,0.0,0.0
0.0,0,1,0,0.0,0.0,0.0,False,1219,-0.006670062371512892,0.008757419659712926,-0.0,-0.02397835714428198,-0.0,0.0
0.0,1,-2,0,-1.0,0.0,0.0,True,1128,0.024466583901723373,0.019540772677134745,0.022689292096328195,-0.0016025158087678015,0.07860863653601535,0.9485815602836879
1.0,0,-2,0,-1.0,0.0,0.0,True,1104,0.025055882527472435,0.01900354294590601,0.022040273734170363,-0.0027655582145502677,0.07669147500106333,0.9646739130434783
0.0,0,0,-1,0.0,0.0,0.0,True,782,0.09193643853517121,0.06540842297363486,0.10646836097600676,-0.0,0.21593860897275485,0.7902813299232737
1.0,0,0,1,0.0,0.0,0.0,True,752,0.08845952501342753,0.06130856312487401,0.10603669960701914,0.0,0.2239792504441085,0.7965425531914894
0.0,1,-2,0,0.0,-1.0,0.0,True,609,0.026575734473852773,0.020345863428249792,0.02511400443893108,-0.0016025158087678015,0.07868786270639416,0.9359605911330049
1.0,0,-2,0,0.0,-1.0,0.0,True,607,0.025857965825394753,0.019930788844842284,0.0242644177679614,-0.0027655582145502677,0.07447727770237045,0.957166392092257
0.0,0,0,0,-1.0,1.0,0.0,False,583,0.0,0.0,-0.0,-0.0,-0.0,0.0
0.0,0,0,0,0.0,0.0,1.0,True,576,0.0,0.0,-0.0,-0.0,-0.0,0.0
1.0,0,0,0,-1.0,1.0,0.0,False,562,0.0,0.0,0.0,0.0,0.0,0.0
1.0,0,0,0,0.0,0.0,1.0,True,557,0.0,0.0,0.0,0.0,0.0,0.0
1.0,0,-2,0,-1.0,-1.0,0.0,True,526,0.02397386677741513,0.019525009664790653,0.020711654230830975,-0.0027655582145502677,0.07447727770237045,0.9467680608365019
1.0,0,0,0,1.0,0.0,0.0,False,495,0.0,0.0,0.0,0.0,0.0,0.0
0.0,1,-2,0,-1.0,-1.0,0.0,True,486,0.02470163165177134,0.01852072177056186,0.02365448054263576,-0.0016025158087678015,0.07860863653601535,0.9670781893004116
0.0,0,0,0,1.0,0.0,0.0,False,472,0.0,0.0,-0.0,-0.0,-0.0,0.0
0.0,0,1,0,0.0,-1.0,1.0,True,361,-0.007382354714395967,0.008321517796987463,-0.005478005102553807,-0.02397835714428198,-0.0,0.0
1.0,0,1,0,0.0,-1.0,1.0,True,311,-0.007964715539756667,0.008025435545027515,-0.005976713605870709,-0.02170342139870779,0.0,0.0
1.0,0,-2,0,0.0,0.0,0.0,False,295,0.02340098563654916,0.018493415650928213,0.020552088495688736,-0.0027655582145502677,0.07573617057381188,0.9288135593220339
1.0,0,0,0,0.0,1.0,0.0,False,288,0.0,0.0,0.0,0.0,0.0,0.0
0.0,0,0,0,0.0,1.0,0.0,False,280,0.0,0.0,-0.0,-0.0,-0.0,0.0
0.0,1,-2,0,0.0,0.0,0.0,False,260,0.025151614906808766,0.019459627393852784,0.022689292096328195,-0.0008031453926476972,0.0744743568478311,0.9384615384615385
1.0,0,-2,0,-1.0,0.0,-1.0,True,250,0.022458806803446602,0.01894989497403224,0.020872098313038517,-0.0027655582145502677,0.07447727770237045,0.908
0.0,1,-2,0,-1.0,0.0,-1.0,True,236,0.025218970574436013,0.020655870929260887,0.022689292096328195,-0.0016025158087678015,0.07868786270639416,0.940677966101695
1.0,0,-2,0,0.0,0.0,-1.0,True,223,0.025183345677781677,0.019563206172870044,0.0242644177679614,-0.0027655582145502677,0.07573617057381188,0.9417040358744395
0.0,1,-2,0,0.0,0.0,-1.0,True,216,0.02596508178345667,0.020198358696804312,0.023498923760522317,-0.0016025158087678015,0.0744743568478311,0.9814814814814815
0.0,0,0,-2,-1.0,0.0,0.0,True,210,0.16316826190878198,0.11809647671790399,0.1964879542320762,-0.0,0.3754974133836244,0.8333333333333334
1.0,0,1,0,-1.0,1.0,0.0,True,207,-0.007804452122753367,0.008196658867912765,-0.005913124712507267,-0.021714843260804195,0.0,0.0
1.0,0,-2,0,-1.0,-1.0,-1.0,True,203,0.024236430528637422,0.02049697533669166,0.021063492874840772,-0.0027655582145502677,0.07265872569292131,0.9507389162561576
0.0,1,-2,0,-1.0,0.0,0.0,False,198,0.02269918449031149,0.018890273013998943,0.022082577401012216,-0.0007920431639451136,0.07868786270639416,0.9444444444444444
1.0,0,-2,0,0.0,-1.0,-1.0,True,198,0.025178273851037675,0.017777980908478867,0.0242644177679614,-0.0027655582145502677,0.0740544809380922,0.9494949494949495
1.0,0,0,2,-1.0,0.0,0.0,True,194,0.14879763466838725,0.11863001194360201,0.1620558048264143,0.0,0.37188631331454397,0.7577319587628866
0.0,0,1,0,-1.0,1.0,0.0,True,188,-0.008296556915076412,0.009376896826466568,-0.0057184014485948675,-0.02396944334723372,-0.0,0.0
1.0,0,-2,0,-1.0,0.0,0.0,False,187,0.023248969860574422,0.01809849098571507,0.02058927702183669,-0.002060396851372076,0.07265872569292131,0.9518716577540107
0.0,1,-2,0,-1.0,-1.0,-1.0,True,181,0.024670470671969345,0.019057367680552433,0.022225954730169195,-0.0008031453926476972,0.07811523075371751,0.9502762430939227
1.0,0,1,1,0.0,0.0,-1.0,True,179,0.07729699167094836,0.05510953311509855,0.08596216261188516,-0.006556288801291443,0.1837332151008193,0.7988826815642458
0.0,0,1,-1,0.0,0.0,-1.0,True,172,0.08453536882683613,0.05979405807022621,0.09543403774308656,-0.006306485106262749,0.19190083292664928,0.8081395348837209
1.0,0,0,1,1.0,-1.0,0.0,True,168,0.07214445427047989,0.061590219294563535,0.06930779486043251,0.0,0.19255335390356376,0.7142857142857143
0.0,1,-2,0,0.0,-1.0,-1.0,True,162,0.02563470538831051,0.018887891598036503,0.02549272156307264,-0.0016025158087678015,0.0744743568478311,0.9320987654320988
1.0,0,0,1,0.0,0.0,0.0,False,158,0.09398130481120938,0.06057158267432925,0.11353469031748709,0.0,0.2239792504441085,0.8354430379746836
1.0,0,-1,0,-1.0,0.0,0.0,True,156,0.03895097354947458,0.023447743026802845,0.043418851459611774,0.0,0.09909105655580641,0.9935897435897436
0.0,0,0,0,-1.0,1.0,1.0,True,147,0.0,0.0,-0.0,-0.0,-0.0,0.0
0.0,1,-1,0,-1.0,0.0,0.0,True,145,0.04052735895561185,0.0264803445787441,0.043418851459611774,0.0033533437162881208,0.09563540722929098,1.0
0.0,0,0,-1,1.0,-1.0,0.0,True,144,0.09151698379936223,0.06580683359652914,0.10657476750443445,-0.0,0.21535544170028154,0.7986111111111112
1.0,0,0,0,-1.0,1.0,1.0,True,143,0.0,0.0,0.0,0.0,0.0,0.0
1.0,0,2,0,-1.0,0.0,0.0,True,140,-0.013931689925449258,0.0063730478487029705,-0.014668382023554458,-0.02171932408541538,-0.004145386880233234,0.0
0.0,0,0,-1,0.0,0.0,0.0,False,140,0.0925432038141301,0.06877582175214318,0.11162343025973231,-0.0,0.20287841630853576,0.7642857142857142
0.0,0,2,0,-1.0,0.0,0.0,True,138,-0.015275010894275187,0.007608534108181887,-0.013877255529618882,-0.02397835714428198,-0.003911301732767547,0.0
0.0,0,0,-1,1.0,0.0,-1.0,True,108,0.08871668578706371,0.06696925697863239,0.10098695315511219,-0.0,0.2142788241390482,0.7592592592592593
0.0,0,1,0,-1.0,0.0,0.0,False,108,-0.0098352073105767,0.009439911089546126,-0.008811769522051371,-0.02397835714428198,-0.0,0.0
0.0,0,0,0,1.0,-1.0,1.0,True,102,0.0,0.0,-0.0,-0.0,-0.0,0.0
0.0,0,0,0,0.0,0.0,1.0,False,98,0.0,0.0,-0.0,-0.0,-0.0,0.0
1.0,0,0,1,0.0,1.0,-1.0,True,97,0.07560043414515458,0.06242966977631234,0.07518867706154933,0.0,0.1819389609325635,0.7319587628865979
0.0,0,0,-1,0.0,1.0,-1.0,True,96,0.08936064160286299,0.06466103060343438,0.11453664471689617,-0.0,0.2012356713826221,0.7708333333333334
0.0,0,0,-2,0.0,-1.0,0.0,True,96,0.17281731041414528,0.12186112914936328,0.19474945885756745,-0.0,0.3833780906292117,0.8541666666666666
0.0,0,0,-1,-1.0,1.0,0.0,True,95,0.09760007943308942,0.06758934319668447,0.11201006913775724,-0.0,0.2142788241390482,0.8421052631578947
1.0,0,0,0,1.0,-1.0,1.0,True,93,0.0,0.0,0.0,0.0,0.0,0.0
1.0,0,0,1,-1.0,1.0,0.0,True,90,0.093450699803955,0.06433918361663006,0.11726769731787279,0.0,0.19255335390356376,0.8
1.0,0,0,0,-1.0,0.0,1.0,False,89,0.0,0.0,0.0,0.0,0.0,0.0
0.0,0,0,0,0.0,-1.0,1.0,False,88,0.0,0.0,-0.0,-0.0,-0.0,0.0
1.0,0,0,0,0.0,-1.0,1.0,False,86,0.0,0.0,0.0,0.0,0.0,0.0
0.0,0,1,-1,0.0,-1.0,0.0,True,86,0.08060998206489127,0.06203836114063467,0.09368379523334075,-0.006306485106262749,0.19190083292664928,0.7558139534883721
1.0,0,1,0,-1.0,0.0,1.0,True,83,-0.006719904597372948,0.008185595811730121,-0.004783642973152258,-0.02170127876721828,0.0,0.0
1.0,0,0,1,0.0,-1.0,1.0,True,83,0.09135028810085871,0.061498467016558755,0.10189708593752181,0.0,0.22092053497759573,0.8072289156626506
1.0,0,0,2,0.0,-1.0,0.0,True,83,0.13576290046093373,0.10011379358130967,0.137841606019653,0.0,0.354223345396649,0.8674698795180723
1.0,0,0,1,1.0,0.0,-1.0,True,83,0.08064298018230362,0.059678140226176,0.06625406986378435,0.0,0.2116377355904614,0.7951807228915663
0.0,0,0,-1,0.0,-1.0,1.0,True,80,0.08700858784370964,0.06480476486502512,0.09977856894193143,-0.0,0.2012356713826221,0.8125
0.0,0,1,0,-1.0,0.0,1.0,True,79,-0.007372874783350874,0.00827126581913002,-0.005437991954071575,-0.02382797223557409,-0.0,0.0
0.0,0,1,0,0.0,-1.0,1.0,False,78,-0.006956343567474019,0.008197585822550372,-0.004978298915234103,-0.02397835714428198,-0.0,0.0
1.0,0,0,0,0.0,0.0,1.0,False,76,0.0,0.0,0.0,0.0,0.0,0.0
1.0,0,-2,0,-1.0,-1.0,0.0,False,75,0.024625981219612254,0.02068082499826167,0.021719732883676013,-0.0017590464997820354,0.07089749139662571,0.9333333333333333
1.0,0,-2,0,0.0,-1.0,0.0,False,74,0.020398845402027913,0.02009326238172274,0.01970983829909119,-0.002060396851372076,0.07265872569292131,0.8648648648648649
0.0,0,0,0,-1.0,0.0,1.0,False,74,0.0,0.0,-0.0,-0.0,-0.0,0.0
1.0,0,1,1,0.0,-1.0,0.0,True,73,0.07172015824557772,0.056621772315233874,0.07674901779601462,-0.006300953993981007,0.2100512280253769,0.7945205479452054
0.0,0,0,-1,-1.0,0.0,1.0,True,71,0.09654543230837649,0.07647601862388459,0.11433816736092428,-0.0,0.21593860897275485,0.7183098591549296
1.0,0,1,0,-1.0,0.0,0.0,False,69,-0.010460148376072082,0.008293537701042792,-0.00869785146720925,-0.021716647445826576,0.0,0.0
1.0,0,1,0,0.0,-1.0,1.0,False,67,-0.0064681484031020855,0.008343222672713925,0.0,-0.021716647445826576,0.0,0.0
1.0,0,0,1,-1.0,0.0,1.0,True,67,0.08909614881806803,0.05981328149724331,0.09530707619220047,0.0,0.1987147249085197,0.8208955223880597
0.0,1,-2,0,0.0,-1.0,0.0,False,64,0.024812588095862967,0.02045260032993886,0.022725117127308375,-0.00017993391805469494,0.07868786270639416,0.984375
0.0,1,-2,0,-1.0,-1.0,0.0,False,64,0.02133533467961874,0.014599838879916853,0.023094107928425256,-0.0006929016686079148,0.057899897942841894,0.9375
1.0,0,0,2,0.0,0.0,-1.0,True,62,0.15280400529270893,0.11557944897809376,0.1652210271253298,0.0,0.36483936077270696,0.7741935483870968
0.0,0,0,-3,-1.0,-1.0,0.0,True,58,0.21619994056450714,0.1624051942903247,0.21289211052032908,-0.0,0.5088249662169191,0.8275862068965517
0.0,0,0,-2,0.0,0.0,-1.0,True,58,0.1394403516590612,0.11210596584020861,0.1348058538221273,-0.0,0.3304569398685584,0.8103448275862069
0.0,1,-1,0,-1.0,-1.0,0.0,True,57,0.04220999717206876,0.023549007389076875,0.043418851459611774,0.0046716896217314785,0.09299660345336247,1.0
1.0,0,-1,0,-1.0,-1.0,0.0,True,54,0.03543445786867426,0.019825785006705586,0.039038738202346296,0.0033533437162881208,0.09005003964049507,1.0
1.0,0,0,2,-1.0,0.0,0.0,False,53,0.17440191233534208,0.10428890080103453,0.18943848975881872,0.0,0.3777446447807366,0.8867924528301887
1.0,0,1,0,-1.0,1.0,0.0,False,50,-0.005473618160403545,0.008046335182638918,0.0,-0.021716647445826576,0.0,0.0
0.0,0,0,-2,-1.0,0.0,0.0,False,50,0.15830647142619017,0.10679247058413055,0.17956404604049792,-0.0,0.3678614301808423,0.88
1.0,0,0,3,-1.0,-1.0,0.0,True,47,0.20171516393892774,0.16757975735549943,0.18691391602634133,0.0,0.4841742776117785,0.7446808510638298
0.0,1,-1,0,-1.0,0.0,0.0,False,47,0.03563598466856131,0.023053436151715036,0.041172189372011364,-0.0,0.09973242435463325,0.9787234042553191
0.0,0,0,-2,1.0,-1.0,-1.0,True,46,0.11736935939311287,0.11280802118113728,0.08929088039055477,-0.0,0.30815480322856814,0.6739130434782609
0.0,0,1,-1,0.0,0.0,-1.0,False,42,0.08787742071516762,0.059209878916036573,0.09447335447614941,-0.006048819436009101,0.19190083292664928,0.8571428571428571
0.0,0,1,0,-1.0,1.0,0.0,False,38,-0.00702379359852977,0.010223944056440604,-0.0,-0.02397835714428198,-0.0,0.0
1.0,0,-2,0,-1.0,0.0,-1.0,False,37,0.028483990086593358,0.023254860465062643,0.024910179254245962,-0.0017590464997820354,0.07265872569292131,0.8648648648648649
1.0,0,0,3,-1.0,0.0,-1.0,True,37,0.16868292972065208,0.15781313384975176,0.12321006567239148,0.0,0.4824248405079329,0.7567567567567568
1.0,0,0,2,1.0,-1.0,-1.0,True,36,0.13474591194890884,0.10176209503539195,0.15270271515902156,0.0,0.2882865158090232,0.8333333333333334
0.0,1,-2,0,0.0,0.0,-1.0,False,34,0.01834112007001632,0.015571821057624637,0.0176646071495985,-0.0012654481422391672,0.05578423235398344,0.9411764705882353
1.0,0,2,0,-1.0,0.0,0.0,False,34,-0.01345997536983935,0.007243202028747849,-0.013245265266869866,-0.02170127876721828,0.0,0.0
0.0,0,0,0,-1.0,1.0,1.0,False,33,0.0,0.0,-0.0,-0.0,-0.0,0.0
1.0,0,-1,0,-1.0,0.0,0.0,False,33,0.03700648113033082,0.020714200627982626,0.041432601085690635,0.00628393536769245,0.0785933856624868,1.0
0.0,0,2,0,-1.0,0.0,0.0,False,33,-0.014171681922143855,0.0072872674262221895,-0.011567454031413571,-0.02359847182314967,-0.005427495105171487,0.0
1.0,0,1,1,0.0,0.0,-1.0,False,33,0.07387533763192446,0.06204497231012041,0.08556293140416715,-0.005980986752649936,0.22116400056030872,0.7575757575757576
1.0,0,0,0,-1.0,1.0,1.0,False,30,0.0,0.0,0.0,0.0,0.0,0.0
0.0,0,0,-3,-1.0,0.0,-1.0,True,29,0.21051102717360765,0.17070224628667677,0.20697374188779016,-0.0,0.4963055194806205,0.7586206896551724
0.0,1,-2,0,-1.0,0.0,-1.0,False,29,0.0269261211075727,0.020921930741097702,0.025591948692723077,0.0003564517783061216,0.0744743568478311,1.0
0.0,0,1,0,-1.0,0.0,1.0,False,29,-0.004011482375557944,0.007713441024682474,-0.0,-0.02359847182314967,-0.0,0.0
1.0,0,-1,0,-1.0,0.0,-1.0,True,29,0.03675092065515158,0.0215010625312922,0.041432601085690635,0.004368068665413241,0.09487584854090769,1.0
1.0,0,-2,0,0.0,0.0,-1.0,False,28,0.02287200305060814,0.016632356233155503,0.0228884440074673,-0.0027655582145502677,0.06091818593590326,0.9285714285714286
1.0,0,0,1,1.0,-1.0,0.0,False,28,0.09911507628155128,0.07098588866025211,0.11630583502461722,0.0,0.22393604876441942,0.75
0.0,0,0,-1,0.0,1.0,-1.0,False,27,0.08117859535872642,0.062347959963601186,0.07700151672122546,-0.0,0.2012356713826221,0.8148148148148148
1.0,0,2,0,-1.0,-1.0,1.0,True,27,-0.0121807020875896,0.0066694692048013355,-0.011969457000636785,-0.021714843260804195,-0.004211045035656988,0.0
0.0,0,1,-1,-1.0,1.0,-1.0,True,26,0.0697650209532082,0.05438459787580262,0.06930168855495983,-0.006048819436009101,0.19130214260267853,0.7692307692307693
0.0,0,2,0,-1.0,-1.0,1.0,True,26,-0.010840277400520678,0.0076265910348073136,-0.006424975106521069,-0.02382797223557409,-0.003911301732767547,0.0
0.0,0,0,-1,1.0,-1.0,0.0,False,25,0.1141644042091939,0.06409791916518033,0.12705220559448893,-0.0,0.2142788241390482,0.84
0.0,0,0,-3,0.0,-1.0,-1.0,True,25,0.12813429402313808,0.14462295992136054,0.09590096509436297,-0.0,0.4577830346256444,0.68
0.0,1,-1,0,-1.0,0.0,-1.0,True,25,0.030335831302136008,0.02295268110214924,0.027738551905362424,0.005368302903106303,0.09079041592384562,1.0
0.0,1,-2,0,0.0,-1.0,-1.0,False,25,0.023045601806681186,0.02151957178306058,0.02070274709417677,-0.0004155743077390167,0.07029810853954777,0.84
1.0,0,-2,0,-1.0,-1.0,-1.0,False,24,0.029544497913546047,0.02341236993387709,0.025598294512606687,-0.0003799044600915902,0.07089749139662571,0.9583333333333334
1.0,0,1,0,1.0,-1.0,0.0,True,24,-0.009705155475374606,0.008158673344475514,-0.008581710746125834,-0.021074238367274567,0.0,0.0
1.0,0,0,1,-1.0,1.0,0.0,False,24,0.06736159174114174,0.06798138210884269,0.05225299216401273,0.0,0.18036765970481505,0.6666666666666666
0.0,0,1,-1,-1.0,0.0,0.0,True,23,0.0835129842423496,0.06581065978435724,0.10640418399044871,-0.005628759234995617,0.19130214260267853,0.7391304347826086
0.0,1,-2,0,0.0,1.0,0.0,True,23,0.07554522578938426,0.0021803179369393336,0.0744743568478311,0.07278903175084495,0.07868786270639416,1.0
0.0,0,1,-1,0.0,-1.0,0.0,False,23,0.07432864397749149,0.06501459034638853,0.10748384930253563,-0.006198868960389903,0.18960700781569084,0.6956521739130435
0.0,0,0,-1,-1.0,0.0,0.0,False,22,0.08650559126802157,0.06637100128058152,0.08378862616412286,-0.0,0.2142788241390482,0.8181818181818182
1.0,0,0,1,0.0,1.0,-1.0,False,22,0.08227012158583193,0.0615343935411164,0.06918939779440969,0.0,0.1837332151008193,0.8181818181818182
0.0,0,0,-2,0.0,-1.0,0.0,False,22,0.14116998853303073,0.1251349497948939,0.12622813866350174,-0.0,0.3317103416765199,0.7272727272727273
1.0,0,0,1,1.0,0.0,-1.0,False,22,0.08289862246779355,0.07111851394053391,0.08232013692775389,0.0,0.2239792504441085,0.6818181818181818
1.0,0,0,2,0.0,-1.0,0.0,False,22,0.19512912747409725,0.11388855553749132,0.21874533225238116,0.0,0.3550350409337921,0.9090909090909091
1.0,0,0,4,-1.0,-1.0,-1.0,True,22,0.20616517656364913,0.18296271089000293,0.16630507717233267,0.0,0.5074962072494954,0.7727272727272727
1.0,0,1,0,-1.0,0.0,1.0,False,21,-0.0018615050597943852,0.005288488948575477,0.0,-0.02037346278208907,0.0,0.0
0.0,0,0,-1,0.0,-1.0,1.0,False,21,0.10002203228202346,0.07186761984554199,0.1146880016288232,-0.0,0.2012356713826221,0.8095238095238095
0.0,0,0,-1,-1.0,1.0,0.0,False,20,0.1100747592072979,0.05198928607901917,0.11798983078241193,-0.0,0.19514917896702932,0.9
1.0,0,0,3,-1.0,-1.0,0.0,False,19,0.2424773623437524,0.1508202154587944,0.2876528707276361,0.0,0.48310156050509967,0.8947368421052632
1.0,0,1,1,-1.0,0.0,0.0,True,19,0.08461214165002262,0.06418673383789683,0.10911887056986802,-0.005895499695644957,0.16823250912117627,0.7368421052631579
0.0,0,0,-4,-1.0,-1.0,-1.0,True,19,0.18160397283234986,0.1935522574147491,0.1767573666921659,-0.0,0.5590025664910088,0.6842105263157895
1.0,0,-2,0,0.0,-1.0,-1.0,False,19,0.02452370811502707,0.01832279108864752,0.02290674830806705,0.0014481413003566423,0.05833387039844212,1.0
0.0,0,0,-1,1.0,0.0,-1.0,False,19,0.09202331678600084,0.06721229515423656,0.07748706338460865,-0.0,0.2012356713826221,0.7894736842105263
1.0,0,0,0,1.0,-1.0,1.0,False,19,0.0,0.0,0.0,0.0,0.0,0.0
0.0,0,0,-1,-1.0,1.0,-1.0,False,19,0.09822035974593037,0.05316226904002809,0.10729819363255944,-0.0,0.1741427088763593,0.9473684210526315
0.0,0,0,0,1.0,-1.0,1.0,False,19,0.0,0.0,-0.0,-0.0,-0.0,0.0
1.0,0,-1,0,-1.0,-1.0,0.0,False,17,0.03431922319239646,0.022078005666928434,0.03559156909167022,0.0058123243784831136,0.0785933856624868,1.0
1.0,0,0,1,-1.0,0.0,0.0,False,17,0.09192991612958552,0.049189302405150695,0.0957607575742222,0.022389513847687836,0.18654904246869503,1.0
1.0,0,0,1,-1.0,1.0,-1.0,False,17,0.0955205719096813,0.05745260700360066,0.09851819264518413,0.0,0.16972350867558822,0.8823529411764706
1.0,0,1,1,-1.0,1.0,-1.0,True,17,0.07288724903322508,0.07509607165801867,0.0659896313349089,-0.006671571012746735,0.19585987264633392,0.6470588235294118
0.0,0,0,-2,0.0,0.0,-1.0,False,16,0.1677071482064973,0.12361555655296234,0.20700999744835946,-0.0,0.32797934008871077,0.875
1.0,0,0,1,-1.0,0.0,1.0,False,16,0.10855845425286956,0.04830012196678972,0.11847753580209501,0.0,0.18036765970481505,0.9375
1.0,0,1,1,0.0,-1.0,0.0,False,16,0.054541844237970344,0.04762332962257394,0.05402198255942303,-0.006625402778099199,0.15357843389916054,0.8125
0.0,0,0,-1,-1.0,0.0,1.0,False,15,0.0850608911619322,0.061848772169086526,0.0900235134595464,-0.0,0.19514917896702932,0.8
1.0,0,-1,0,-1.0,-1.0,-1.0,True,15,0.03749562070142242,0.023407271119351886,0.040532444529577605,0.004368068665413241,0.0785933856624868,1.0
1.0,0,0,3,0.0,-1.0,-1.0,True,15,0.1126495682393303,0.11392502315437501,0.08562760401014669,0.0,0.3799383559976208,0.8
0.0,0,0,-2,-1.0,1.0,-1.0,True,14,0.16168621085212173,0.1347069531237473,0.18501242978865917,-0.0,0.3524309378255325,0.7857142857142857
0.0,1,-1,0,-1.0,-1.0,-1.0,True,14,0.03710098583861869,0.020676120976745937,0.03808636108470148,0.005953634021225729,0.07670167719678556,1.0
0.0,1,-2,0,-1.0,-1.0,-1.0,False,14,0.027819352972200565,0.018480576961265316,0.02241641195246892,0.0017646212459916655,0.06571703064490297,1.0
1.0,0,0,2,0.0,0.0,-1.0,False,14,0.14493374981242518,0.10673409096517557,0.17391914853444568,0.0,0.3243956819521919,0.7857142857142857
1.0,0,0,1,0.0,-1.0,1.0,False,13,0.07981336102571662,0.07097122503118229,0.08159496485981346,0.0,0.1983100689531722,0.6923076923076923
0.0,0,1,0,0.0,1.0,-1.0,True,12,-0.010799754273810755,0.010112790374135221,-0.009488573615859697,-0.02396944334723372,-0.0,0.0
0.0,0,0,-1,0.0,-1.0,0.0,False,12,0.08229502590712534,0.05367459510907602,0.07555147861775169,-0.0,0.19514917896702932,0.8333333333333334
0.0,0,1,0,0.0,-1.0,0.0,False,12,-0.013605546251268872,0.008888184802023255,-0.01099507233059055,-0.023898243567883393,-0.0,0.0
0.0,0,1,0,1.0,-1.0,0.0,True,12,-0.009273890037904362,0.007843909878241516,-0.008790447207240426,-0.02298356241595123,-0.0,0.0
1.0,0,-2,0,0.0,1.0,0.0,True,12,0.024769417070474833,0.017500720478046475,0.018165299175097488,-0.0002704891219924982,0.0538180610069704,0.9166666666666666
1.0,0,1,0,0.0,-1.0,0.0,False,11,-0.009750927256602992,0.007663438419547718,-0.006789839154204613,-0.02072955936328358,0.0,0.0
0.0,0,0,-3,-1.0,-1.0,0.0,False,11,0.22005645847958852,0.15196479897520732,0.20697374188779016,-0.0,0.39369706789220293,0.9090909090909091
1.0,0,1,0,0.0,1.0,-1.0,True,11,-0.0098161244969953,0.010101252112801072,-0.007497730293754334,-0.02170342139870779,0.0,0.0
1.0,0,0,2,-1.0,-1.0,1.0,True,11,0.13034374616048205,0.14311000306676375,0.08562760401014669,0.0,0.3750599674565794,0.7272727272727273
1.0,0,2,1,-1.0,0.0,-1.0,True,11,0.07413045281101836,0.06277002351674581,0.06045749126842748,-0.005789736019364167,0.17135327752033036,0.7272727272727273
0.0,1,-1,0,-1.0,-1.0,0.0,False,10,0.0327123636425421,0.02160334776568959,0.03523181322231597,0.005159692221445189,0.06278293933639034,1.0
0.0,0,2,0,0.0,-1.0,0.0,True,10,-0.011779953720263314,0.00640876617798511,-0.01166452987180977,-0.02330526447129233,-0.0047906806967364934,0.0
0.0,0,0,-2,-1.0,-1.0,1.0,True,10,0.08185145683558263,0.09454499170593667,0.033024617409560364,-0.0,0.2246444017611282,0.7
1.0,0,-2,0,-1.0,1.0,-1.0,True,10,0.06190984306690729,0.015554543224709866,0.07089749139662571,0.037114101939392075,0.07573617057381188,1.0
1.0,0,0,1,0.0,-1.0,0.0,False,10,0.07701855493833394,0.05988269291008149,0.07414755794963294,0.0,0.18821365464817735,0.9
1.0,0,-2,0,0.0,1.0,-1.0,True,10,0.05149474614123443,0.027896811565417304,0.07021974303817796,0.001697135481994294,0.07573617057381188,1.0
0.0,0,0,-1,0.0,0.0,-1.0,False,9,0.0699004715044037,0.06429418731427741,0.060977680955163094,-0.0,0.1837362074875043,0.7777777777777778
1.0,0,-2,0,-1.0,1.0,0.0,True,9,0.044035199121559426,0.021636609323898198,0.037114101939392075,0.017989538500305186,0.07447727770237045,1.0
1.0,0,0,1,0.0,0.0,-1.0,False,9,0.0651172246981485,0.06292795925510068,0.05841421087055809,0.0,0.21222860935668464,0.8888888888888888
0.0,0,1,0,0.0,1.0,-1.0,False,8,-0.011788671115025115,0.010294879661438392,-0.009124971494928635,-0.02382797223557409,-0.0,0.0
1.0,0,1,0,1.0,0.0,-1.0,True,8,-0.014275963828633637,0.005574940021914704,-0.013289261399828223,-0.02170127876721828,-0.005817298607312504,0.0
1.0,0,0,4,-1.0,-1.0,-1.0,False,8,0.16427909789528747,0.1953015703718889,0.09480726261325395,0.0,0.5629785918295425,0.75
0.0,0,1,-1,-1.0,1.0,-1.0,False,8,0.07358655638626506,0.05746825488596873,0.07397687775518152,-0.005406614207738136,0.15895961457416274,0.875
1.0,0,2,0,-1.0,-1.0,1.0,False,8,-0.011164605763334308,0.006709393215248337,-0.009076467527190657,-0.021303509953482846,-0.004546949505543976,0.0
1.0,0,1,0,0.0,1.0,-1.0,False,8,-0.0133911238803762,0.00789192334030252,-0.014570301420209014,-0.020722241335717984,0.0,0.0
1.0,0,-1,0,-1.0,0.0,-1.0,False,7,0.03203149063064997,0.010174042465740439,0.03224490026797225,0.017977910306809175,0.0448980594043511,1.0
1.0,0,0,2,-1.0,1.0,-1.0,True,7,0.23317608545254329,0.08830053824607359,0.228482434447434,0.07667749968185211,0.354223345396649,1.0
0.0,1,-2,0,-1.0,1.0,0.0,True,7,0.07474509423523878,0.0018132008826609361,0.0744743568478311,0.07278903175084495,0.07860863653601535,1.0
1.0,0,2,1,-1.0,-1.0,0.0,True,7,0.04365374414851946,0.04833567909389591,0.06540114848781522,-0.006179812566418835,0.10911887056986802,0.5714285714285714
0.0,1,-1,0,0.0,-1.0,0.0,True,7,0.05144522483658255,0.02111898103843317,0.05219697614866958,0.00828990082268663,0.0737498203933265,1.0
0.0,0,2,0,-1.0,-1.0,1.0,False,7,-0.01877538123519546,0.00572859877600538,-0.023196117598344834,-0.02359847182314967,-0.011539060803720358,0.0
1.0,0,1,1,-1.0,0.0,0.0,False,7,0.06495800965575917,0.07253064857628677,0.05554835196931762,-0.00598043333182563,0.18956880800558584,0.7142857142857143
1.0,0,0,3,-1.0,0.0,-1.0,False,6,0.17929417763479052,0.1609279811511314,0.12522061301689036,0.0,0.38465025867958724,0.8333333333333334
0.0,0,1,0,1.0,-1.0,0.0,False,6,-0.008760301397147952,0.010420666160438425,-0.005058345827285038,-0.021588128108437576,-0.0,0.0
0.0,0,2,-1,-1.0,-1.0,0.0,True,6,0.07792571061453506,0.07205442176547741,0.09070580736012629,-0.006013440383067281,0.17803955378427727,0.6666666666666666
1.0,0,2,0,0.0,-1.0,0.0,True,6,-0.014897172241321829,0.007053024646825635,-0.01723768633767153,-0.0212000763832334,-0.005852593890053104,0.0
0.0,1,-1,0,-1.0,0.0,-1.0,False,6,0.04545377208875959,0.02895157247445451,0.046230749998261045,0.005180895952095324,0.09299660345336247,1.0
0.0,1,-1,0,-1.0,-1.0,-1.0,False,6,0.05482934048872703,0.023043085803514503,0.05857469969749013,0.02812516528150058,0.08055583906544272,1.0
1.0,0,0,2,-1.0,-1.0,1.0,False,5,0.2069868755996787,0.12116840444630796,0.2356737453414317,0.019244177331067647,0.31458661137663857,1.0
0.0,0,1,0,1.0,0.0,-1.0,True,5,-0.013090754655490056,0.010365552678847204,-0.011428663470861022,-0.02382797223557409,-0.0,0.0
1.0,0,-1,0,-1.0,-1.0,-1.0,False,5,0.03448652328830304,0.027033115512862974,0.04165493310459023,0.007745954918003395,0.07158948238218216,1.0
1.0,0,1,0,1.0,-1.0,0.0,False,5,-0.004184117527403691,0.003903825338167129,-0.005697209111400592,-0.007894344506125944,0.0,0.0
1.0,0,0,2,1.0,-1.0,-1.0,False,5,0.17822437432315924,0.057361841834979554,0.18264492447228486,0.08979727280337357,0.23887620441320329,1.0
0.0,0,0,-3,-1.0,0.0,-1.0,False,5,0.19418702292851373,0.22459355787060384,0.10039820699885438,-0.0,0.46091031962346685,0.6
0.0,0,0,-3,0.0,-1.0,-1.0,False,4,0.24681394014709424,0.18111743487810283,0.2916787725887941,-0.0,0.40389821541078874,0.75
1.0,0,1,0,0.0,0.0,-1.0,False,4,-0.01377120675584767,0.004668430386879982,-0.01181315738212152,-0.02072955936328358,-0.010728952895864063,0.0
1.0,0,-2,-2,-1.0,-1.0,-1.0,True,4,-0.1284465271371713,0.14274901724351713,-0.10876389387588248,-0.2958784163368287,-0.0003799044600915902,0.0
0.0,0,0,-4,-1.0,-1.0,-1.0,False,4,0.32512100140161526,0.10568056583401068,0.34918913782731903,0.1857014930654003,0.4164042368864228,1.0
0.0,0,1,-2,0.0,-1.0,-1.0,True,4,0.21013602388390087,0.1411835661797498,0.24059009256306524,0.019045659844184715,0.3403182505652883,1.0
0.0,0,1,-1,-1.0,0.0,0.0,False,4,0.0974878604753229,0.0760981638450866,0.10525781654856697,-0.0,0.17943580880415766,0.75
0.0,0,0,-2,1.0,-1.0,-1.0,False,4,0.2011336635043723,0.12362487082324922,0.24090324005421987,0.024844811400823508,0.297883362508226,1.0
0.0,0,1,0,1.0,0.0,-1.0,False,4,-0.01453500948240738,0.011402303541683253,-0.01716900592417686,-0.023802026081275796,-0.0,0.0
0.0,0,0,-2,-1.0,1.0,-1.0,False,4,0.05616573181623555,0.1123314636324711,-0.0,-0.0,0.2246629272649422,0.25
1.0,0,-2,-1,-1.0,-1.0,0.0,True,4,-0.095795901571293,0.02109833202046012,-0.0919714552252282,-0.1247535973551539,-0.07448709847956167,0.0
0.0,1,-1,0,0.0,0.0,-1.0,True,3,0.03967781674329546,0.004862028175725417,0.041432601085690635,0.034181997684583965,0.043418851459611774,1.0
0.0,0,1,-1,-1.0,-1.0,1.0,True,3,0.0977619995549871,0.025114045143181,0.11036310237107605,0.06884233191050448,0.11408056438338077,1.0
1.0,0,2,1,-1.0,0.0,-1.0,False,3,0.06546873113341456,0.061140882346491066,0.09454013136958395,-0.004783642973152258,0.10664970500381199,0.6666666666666666
0.0,0,2,-1,-1.0,0.0,-1.0,False,3,0.09494399677264691,0.05434963898177419,0.06707062578038359,0.06018581960756009,0.15757554492999704,1.0
0.0,1,-2,0,0.0,1.0,0.0,False,3,0.07372798418905428,0.0008590083813430215,0.07392056396848679,0.07278903175084495,0.0744743568478311,1.0
0.0,1,-2,1,-1.0,-1.0,0.0,True,3,-0.05659501798747237,0.03927928412595025,-0.04818206975933559,-0.09939914602027194,-0.022203838182809577,0.0
0.0,0,0,-2,-1.0,-1.0,1.0,False,3,0.13782246101057397,0.16288083470832598,0.09590096509436297,-0.0,0.31756641793735896,0.6666666666666666
0.0,1,-2,0,-1.0,1.0,-1.0,True,3,0.07585245007722585,0.002386927490878379,0.0744743568478311,0.0744743568478311,0.07860863653601535,1.0
1.0,0,-2,-1,-1.0,-1.0,-1.0,True,3,-0.10297499977128739,0.027077588817927385,-0.09671560882218405,-0.13263412861525836,-0.07957526187641975,0.0
1.0,0,-2,0,-1.0,1.0,0.0,False,3,0.0368640673213936,0.02838406682655575,0.02270914743456079,0.01834105984988979,0.06954199467973021,1.0
0.0,0,2,-1,-1.0,0.0,-1.0,True,2,-0.005039089837302613,0.0005641327835940023,-0.005039089837302613,-0.005437991954071575,-0.004640187720533651,0.0
1.0,0,1,0,-1.0,1.0,-1.0,False,2,-0.010718608199751511,0.00234947454180777,-0.010718608199751511,-0.012379937580488942,-0.00905727881901408,0.0
1.0,0,2,0,0.0,0.0,0.0,True,2,-0.013018586570003349,0.01164596892004429,-0.013018586570003349,-0.02125353016685444,-0.004783642973152258,0.0
1.0,0,-1,0,0.0,-1.0,0.0,True,2,0.02781219020145851,0.03200548326150565,0.02781219020145851,0.005180895952095324,0.050443484450821696,1.0
1.0,0,0,3,0.0,-1.0,-1.0,False,2,0.2090096687518292,0.29558430821594495,0.2090096687518292,0.0,0.4180193375036584,0.5
0.0,0,1,-1,1.0,-1.0,-1.0,False,2,0.10587415565662461,0.026288733771842304,0.10587415565662461,0.08728521373774711,0.12446309757550211,1.0
0.0,0,1,-1,1.0,-1.0,-1.0,True,2,0.08633315316272061,0.12969243551542586,0.08633315316272061,-0.00537324745883605,0.17803955378427727,0.5
1.0,0,2,0,0.0,-1.0,0.0,False,2,-0.0065025093114398635,0.0011422821019347069,-0.0065025093114398635,-0.007310224731745918,-0.005694793891133809,0.0
0.0,0,1,0,-1.0,1.0,-1.0,False,2,-0.012619414757021497,0.000899718746369507,-0.012619414757021497,-0.013255611983740034,-0.011983217530302959,0.0
1.0,0,0,2,1.0,0.0,-1.0,True,2,0.14860290819291505,0.21015624817450437,0.14860290819291505,0.0,0.2972058163858301,0.5
0.0,0,1,0,0.0,1.0,0.0,True,2,0.0,0.0,-0.0,-0.0,-0.0,0.0
1.0,0,-2,-1,0.0,-1.0,0.0,True,2,-0.05144141862187043,0.03786653976172405,-0.05144141862187043,-0.07821710566745554,-0.02466573157628532,0.0
0.0,1,-1,0,0.0,-1.0,0.0,False,2,0.06339991864689382,0.022541692011269914,0.06339991864689382,0.047460535366306233,0.0793393019274814,1.0
1.0,0,1,1,-1.0,1.0,-1.0,False,2,0.03909491714862329,0.0636260576779831,0.03909491714862329,-0.005895499695644957,0.08408533399289153,0.5
0.0,1,-2,1,0.0,-1.0,0.0,False,2,-0.04972076449315148,0.07537298556054023,-0.04972076449315148,-0.1030175137012852,0.0035759847149822444,0.5
0.0,1,-2,0,0.0,1.0,-1.0,True,2,0.07626460025225107,0.003314967903194079,0.07626460025225107,0.07392056396848679,0.07860863653601535,1.0
0.0,1,-1,0,0.0,-1.0,-1.0,True,2,0.010414071433798633,0.0061699673662268415,0.010414071433798633,0.006051245669439931,0.014776897198157335,1.0
0.0,1,-2,2,-1.0,-1.0,0.0,False,2,-0.2197437134003449,0.07209298438803657,-0.2197437134003449,-0.27072115153710147,-0.16876627526358834,0.0
0.0,1,-2,1,0.0,0.0,-1.0,True,2,-0.08644289322505677,0.028854614787072266,-0.08644289322505677,-0.1068461870095212,-0.06603959944059234,0.0
1.0,0,-2,-1,0.0,-1.0,-1.0,True,2,-0.08791432147680699,0.04971713781521126,-0.08791432147680699,-0.123069646767129,-0.05275899618648497,0.0
1.0,0,-2,-1,-1.0,0.0,0.0,True,2,-0.09758035316537562,0.026219991404442654,-0.09758035316537562,-0.11612068689011001,-0.07904001944064123,0.0
0.0,1,-2,0,-1.0,1.0,-1.0,False,2,0.07569883414343015,0.004115082007419676,0.07569883414343015,0.07278903175084495,0.07860863653601535,1.0
1.0,0,0,2,-1.0,1.0,-1.0,False,2,0.0,0.0,0.0,0.0,0.0,0.0
1.0,0,1,2,-1.0,-1.0,0.0,True,1,0.20218562977486487,,0.20218562977486487,0.20218562977486487,0.20218562977486487,1.0
1.0,0,1,2,-1.0,-1.0,0.0,False,1,0.01683232683033098,,0.01683232683033098,0.01683232683033098,0.01683232683033098,1.0
1.0,0,1,0,1.0,0.0,0.0,True,1,-0.009543976070384486,,-0.009543976070384486,-0.009543976070384486,-0.009543976070384486,0.0
1.0,0,1,2,0.0,-1.0,-1.0,False,1,0.1447919350467417,,0.1447919350467417,0.1447919350467417,0.1447919350467417,1.0
1.0,0,2,0,0.0,0.0,-1.0,False,1,-0.02040149169307659,,-0.02040149169307659,-0.02040149169307659,-0.02040149169307659,0.0
1.0,0,1,0,0.0,1.0,0.0,True,1,0.0,,0.0,0.0,0.0,0.0
1.0,0,1,0,0.0,0.0,1.0,False,1,0.0,,0.0,0.0,0.0,0.0
1.0,0,2,0,0.0,0.0,-1.0,True,1,-0.02170127876721828,,-0.02170127876721828,-0.02170127876721828,-0.02170127876721828,0.0
1.0,0,1,2,-1.0,0.0,-1.0,True,1,0.0647702878172175,,0.0647702878172175,0.0647702878172175,0.0647702878172175,1.0
1.0,0,2,1,-1.0,-1.0,0.0,False,1,-0.006051767096815097,,-0.006051767096815097,-0.006051767096815097,-0.006051767096815097,0.0
1.0,0,1,2,0.0,-1.0,-1.0,True,1,0.29338653499340517,,0.29338653499340517,0.29338653499340517,0.29338653499340517,1.0
0.0,1,-1,1,0.0,-1.0,-1.0,False,1,-0.05929045642667241,,-0.05929045642667241,-0.05929045642667241,-0.05929045642667241,0.0
1.0,0,0,2,-1.0,-1.0,0.0,False,1,0.29326193930893557,,0.29326193930893557,0.29326193930893557,0.29326193930893557,1.0
1.0,0,0,1,0.0,1.0,0.0,True,1,0.09120010485721619,,0.09120010485721619,0.09120010485721619,0.09120010485721619,1.0
0.0,1,-2,0,-1.0,1.0,0.0,False,1,0.0744743568478311,,0.0744743568478311,0.0744743568478311,0.0744743568478311,1.0
0.0,1,-2,-1,0.0,0.0,0.0,True,1,0.07419113249069642,,0.07419113249069642,0.07419113249069642,0.07419113249069642,1.0
0.0,0,2,0,0.0,0.0,0.0,True,1,-0.007507884378678664,,-0.007507884378678664,-0.007507884378678664,-0.007507884378678664,0.0
0.0,0,2,-1,0.0,-1.0,-1.0,True,1,0.01920377232550008,,0.01920377232550008,0.01920377232550008,0.01920377232550008,1.0
0.0,0,2,-1,-1.0,-1.0,0.0,False,1,0.11788953506153133,,0.11788953506153133,0.11788953506153133,0.11788953506153133,1.0
0.0,0,1,0,1.0,0.0,0.0,True,1,-0.023158266893281043,,-0.023158266893281043,-0.023158266893281043,-0.023158266893281043,0.0
0.0,0,1,0,1.0,0.0,0.0,False,1,-0.015643244516889476,,-0.015643244516889476,-0.015643244516889476,-0.015643244516889476,0.0
0.0,0,1,0,0.0,0.0,-1.0,False,1,-0.008358389867803462,,-0.008358389867803462,-0.008358389867803462,-0.008358389867803462,0.0
0.0,0,1,0,-1.0,-1.0,1.0,False,1,-0.023196117598344834,,-0.023196117598344834,-0.023196117598344834,-0.023196117598344834,0.0
0.0,0,1,-1,1.0,0.0,-1.0,False,1,0.057350200240458116,,0.057350200240458116,0.057350200240458116,0.057350200240458116,1.0
0.0,0,1,-1,0.0,0.0,0.0,True,1,-0.006048819436009101,,-0.006048819436009101,-0.006048819436009101,-0.006048819436009101,0.0
0.0,0,1,-2,-1.0,0.0,-1.0,True,1,0.2664448730345912,,0.2664448730345912,0.2664448730345912,0.2664448730345912,1.0
0.0,0,1,-2,-1.0,0.0,-1.0,False,1,0.3724005072473252,,0.3724005072473252,0.3724005072473252,0.3724005072473252,1.0
0.0,0,0,0,1.0,1.0,0.0,True,1,0.0,,-0.0,-0.0,-0.0,0.0
0.0,0,0,0,1.0,0.0,1.0,False,1,0.0,,-0.0,-0.0,-0.0,0.0
0.0,0,0,-1,0.0,1.0,0.0,True,1,0.0912016064290887,,0.0912016064290887,0.0912016064290887,0.0912016064290887,1.0
0.0,0,0,-2,0.0,0.0,0.0,True,1,0.024682243144556026,,0.024682243144556026,0.024682243144556026,0.024682243144556026,1.0
0.0,1,-2,0,0.0,1.0,-1.0,False,1,0.0744743568478311,,0.0744743568478311,0.0744743568478311,0.0744743568478311,1.0
0.0,1,-2,1,-1.0,0.0,-1.0,True,1,-0.0940871967477045,,-0.0940871967477045,-0.0940871967477045,-0.0940871967477045,0.0
0.0,1,-2,1,0.0,-1.0,-1.0,True,1,-0.06728103221283033,,-0.06728103221283033,-0.06728103221283033,-0.06728103221283033,0.0
1.0,0,-2,0,0.0,1.0,-1.0,False,1,0.07089749139662571,,0.07089749139662571,0.07089749139662571,0.07089749139662571,1.0
1.0,0,0,1,0.0,0.0,1.0,True,1,0.0,,0.0,0.0,0.0,0.0
1.0,0,0,1,-1.0,-1.0,1.0,False,1,0.11726769731787279,,0.11726769731787279,0.11726769731787279,0.11726769731787279,1.0
1.0,0,-1,0,0.0,0.0,-1.0,True,1,0.004909293270391482,,0.004909293270391482,0.004909293270391482,0.004909293270391482,1.0
1.0,0,-1,0,0.0,-1.0,-1.0,True,1,0.03535951037971716,,0.03535951037971716,0.03535951037971716,0.03535951037971716,1.0
1.0,0,-1,0,0.0,-1.0,-1.0,False,1,0.043783856168230495,,0.043783856168230495,0.043783856168230495,0.043783856168230495,1.0
1.0,0,-1,0,-1.0,1.0,-1.0,True,1,0.09563540722929098,,0.09563540722929098,0.09563540722929098,0.09563540722929098,1.0
1.0,0,-1,0,-1.0,1.0,-1.0,False,1,0.09487584854090769,,0.09487584854090769,0.09487584854090769,0.09487584854090769,1.0
1.0,0,-2,-1,0.0,0.0,-1.0,True,1,-0.038526644353574446,,-0.038526644353574446,-0.038526644353574446,-0.038526644353574446,0.0
0.0,1,-2,1,0.0,-1.0,0.0,True,1,-0.0401637736324012,,-0.0401637736324012,-0.0401637736324012,-0.0401637736324012,0.0
1.0,0,-2,-1,-1.0,0.0,0.0,False,1,-0.02750798605949961,,-0.02750798605949961,-0.02750798605949961,-0.02750798605949961,0.0
1.0,0,-2,-1,-1.0,-1.0,0.0,False,1,-0.0788702722656599,,-0.0788702722656599,-0.0788702722656599,-0.0788702722656599,0.0
1.0,0,-2,-2,0.0,-1.0,-1.0,True,1,-0.016541056072939153,,-0.016541056072939153,-0.016541056072939153,-0.016541056072939153,0.0
1.0,0,-2,-2,-1.0,-1.0,-1.0,False,1,-0.1824682641043666,,-0.1824682641043666,-0.1824682641043666,-0.1824682641043666,0.0
0.0,1,-1,1,-1.0,-1.0,-1.0,True,1,-0.0016025158087678015,,-0.0016025158087678015,-0.0016025158087678015,-0.0016025158087678015,0.0
0.0,1,-1,0,-1.0,1.0,-1.0,True,1,0.09973242435463325,,0.09973242435463325,0.09973242435463325,0.09973242435463325,1.0
0.0,1,-2,2,-1.0,0.0,-1.0,True,1,-0.12497105978758194,,-0.12497105978758194,-0.12497105978758194,-0.12497105978758194,0.0
1.0,0,2,1,0.0,-1.0,-1.0,True,1,0.1381006947374212,,0.1381006947374212,0.1381006947374212,0.1381006947374212,1.0
