minimum_expected_pnl,minimum_probability_edge,side_filter,trades,yes_trades,no_trades,pnl,fees,capital,roi,fold_1_trades,fold_1_pnl,fold_1_roi,fold_2_trades,fold_2_pnl,fold_2_roi,fold_3_trades,fold_3_pnl,fold_3_roi,minimum_fold_trades,profitable_folds,worst_fold_roi
0.0,0.15,no,12,0,12,126.68885481111631,4.88,124.88,1.0144847438430198,6,72.43693402942571,1.1619655763462577,5,24.781920781690598,0.47648376815402027,1,29.47,2.798670465337132,1,3,0.47648376815402027
0.25,0.15,no,12,0,12,126.68885481111631,4.88,124.88,1.0144847438430198,6,72.43693402942571,1.1619655763462577,5,24.781920781690598,0.47648376815402027,1,29.47,2.798670465337132,1,3,0.47648376815402027
0.5,0.15,no,12,0,12,126.68885481111631,4.88,124.88,1.0144847438430198,6,72.43693402942571,1.1619655763462577,5,24.781920781690598,0.47648376815402027,1,29.47,2.798670465337132,1,3,0.47648376815402027
1.0,0.15,no,12,0,12,126.68885481111631,4.88,124.88,1.0144847438430198,6,72.43693402942571,1.1619655763462577,5,24.781920781690598,0.47648376815402027,1,29.47,2.798670465337132,1,3,0.47648376815402027
1.5,0.15,no,12,0,12,126.68885481111631,4.88,124.88,1.0144847438430198,6,72.43693402942571,1.1619655763462577,5,24.781920781690598,0.47648376815402027,1,29.47,2.798670465337132,1,3,0.47648376815402027
2.0,0.15,no,12,0,12,126.68885481111631,4.88,124.88,1.0144847438430198,6,72.43693402942571,1.1619655763462577,5,24.781920781690598,0.47648376815402027,1,29.47,2.798670465337132,1,3,0.47648376815402027
2.0,0.1,no,20,0,20,171.1637460222321,7.809999999999999,207.80999999999997,0.8236550022724225,6,69.36015007446443,1.1142192783046494,9,52.465533016909724,0.5610086935084444,5,49.33806293085796,0.9480796105084158,5,3,0.5610086935084444
2.0,0.075,no,21,0,21,178.50732325800448,8.19,218.18999999999997,0.818127885136828,6,69.36015007446443,1.1142192783046494,9,52.465533016909724,0.5610086935084444,6,56.681640166630324,0.9080685704362436,6,3,0.5610086935084444
1.5,0.1,no,29,0,29,201.43569039812698,10.52,300.52,0.6702904645219186,8,69.94674581914528,0.8433415218126992,9,51.069508061473,0.5462563703227403,12,80.41943651750874,0.648073466979682,8,3,0.5462563703227403
2.0,0.03,no,28,0,28,195.20641416709532,12.4,292.4,0.6676005956467008,9,37.60015007446443,0.3999590477019937,11,122.11462392600066,1.063901584997392,8,35.491640166630326,0.42449037395802325,8,3,0.3999590477019937
2.0,0.04,no,28,0,28,195.20641416709532,12.4,292.4,0.6676005956467008,9,37.60015007446443,0.3999590477019937,11,122.11462392600066,1.063901584997392,8,35.491640166630326,0.42449037395802325,8,3,0.3999590477019937
2.0,0.02,no,29,0,29,184.50641416709533,13.1,303.09999999999997,0.6087311585849401,9,37.60015007446443,0.3999590477019937,11,122.11462392600066,1.063901584997392,9,24.791640166630323,0.2628739281797299,9,3,0.2628739281797299
0.0,0.1,no,32,0,32,196.60327641760946,10.81,330.81000000000006,0.5943087464635575,9,73.2500791524786,0.78788941758071,11,42.72426996623491,0.3756310002306568,12,80.62892729889593,0.6497093255350196,9,3,0.3756310002306568
0.25,0.1,no,32,0,32,196.60327641760946,10.81,330.81000000000006,0.5943087464635575,9,73.2500791524786,0.78788941758071,11,42.72426996623491,0.3756310002306568,12,80.62892729889593,0.6497093255350196,9,3,0.3756310002306568
0.5,0.1,no,32,0,32,196.60327641760946,10.81,330.81000000000006,0.5943087464635575,9,73.2500791524786,0.78788941758071,11,42.72426996623491,0.3756310002306568,12,80.62892729889593,0.6497093255350196,9,3,0.3756310002306568
1.0,0.1,no,32,0,32,196.60327641760946,10.81,330.81000000000006,0.5943087464635575,9,73.2500791524786,0.78788941758071,11,42.72426996623491,0.3756310002306568,12,80.62892729889593,0.6497093255350196,9,3,0.3756310002306568
1.5,0.075,no,31,0,31,171.58861639567345,11.330000000000002,321.33,0.5339950094783352,10,49.12674581914528,0.473465167879195,9,44.34885682324707,0.474573106722815,12,78.11301375328111,0.6293346257918233,9,3,0.473465167879195
1.5,0.03,no,40,0,40,219.90928625213272,16.55,416.55000000000007,0.5279301074352003,13,17.47674581914528,0.12906540003799777,13,145.51952667970642,1.0714145683971905,14,56.9130137532811,0.391639235846966,13,3,0.12906540003799777
1.5,0.04,no,40,0,40,219.88928625213273,16.57,416.57000000000005,0.5278567497710653,13,17.47674581914528,0.12906540003799777,13,145.4995266797064,1.0711095898093816,14,56.9130137532811,0.391639235846966,13,3,0.12906540003799777
2.0,0.05,no,25,0,25,136.16732325800444,10.53,260.53,0.5226550618278296,9,37.60015007446443,0.3999590477019937,9,52.465533016909724,0.5610086935084444,7,46.101640166630325,0.6315293173511003,7,3,0.3999590477019937
1.5,0.02,no,41,0,41,209.20928625213273,17.25,427.25000000000006,0.48966480105823923,13,17.47674581914528,0.12906540003799777,13,145.51952667970642,1.0714145683971905,15,46.213013753281096,0.2961992933808556,13,3,0.12906540003799777
1.5,0.05,no,34,0,34,139.90861639567342,13.010000000000002,353.00999999999993,0.3963304620143153,12,28.026745819145283,0.2244653677650591,9,44.34885682324707,0.474573106722815,13,67.53301375328111,0.501358676713297,9,3,0.2244653677650591
1.0,0.04,no,48,0,48,193.82012806786614,17.800000000000004,497.8,0.38935341114476923,15,23.43356903763695,0.15056263838111633,16,122.46188781928419,0.7377222157788206,17,47.92467121094497,0.2720519482910137,15,3,0.15056263838111633
1.0,0.02,no,49,0,49,183.24012806786615,18.380000000000003,508.38000000000005,0.36043929357540844,15,23.43356903763695,0.15056263838111633,16,122.46188781928419,0.7377222157788206,18,37.34467121094497,0.19998217420448197,15,3,0.15056263838111633
1.0,0.03,no,49,0,49,183.24012806786615,18.380000000000003,508.38000000000005,0.36043929357540844,15,23.43356903763695,0.15056263838111633,16,122.46188781928419,0.7377222157788206,18,37.34467121094497,0.19998217420448197,15,3,0.15056263838111633
1.0,0.075,no,39,0,39,141.9358100536487,13.03,403.03000000000003,0.35217182357057464,12,55.06356903763696,0.4440252321396416,12,21.071217962824857,0.17013498556984138,15,65.8010230531868,0.42405763390595347,12,3,0.17013498556984138
0.0,0.075,no,40,0,40,143.52371703039287,13.07,413.07000000000005,0.3474561624673611,12,55.133569037636946,0.4448408023046389,13,22.589124939569036,0.16862589533867597,15,65.8010230531868,0.42405763390595347,12,3,0.16862589533867597
0.25,0.075,no,40,0,40,143.52371703039287,13.07,413.07000000000005,0.3474561624673611,12,55.133569037636946,0.4448408023046389,13,22.589124939569036,0.16862589533867597,15,65.8010230531868,0.42405763390595347,12,3,0.16862589533867597
0.5,0.075,no,40,0,40,143.52371703039287,13.07,413.07000000000005,0.3474561624673611,12,55.133569037636946,0.4448408023046389,13,22.589124939569036,0.16862589533867597,15,65.8010230531868,0.42405763390595347,12,3,0.16862589533867597
1.5,0.01,no,47,0,47,145.02928625213278,21.430000000000003,491.43,0.29511687575470114,13,17.47674581914528,0.12906540003799777,15,124.12952667970642,0.7895778047179342,19,3.4230137532811087,0.017217512968568528,13,3,0.017217512968568528
2.0,0.01,no,36,0,36,109.63641416709538,17.97,377.96999999999997,0.29006644486889277,10,26.910150074464433,0.2570214906825638,13,100.72462392600066,0.7396976127340873,13,-17.99835983336967,-0.13127906515951615,10,2,-0.13127906515951615
2.0,0.075,both,53,39,14,143.5044121031332,24.809999999999988,554.8100000000001,0.25865505687196194,19,79.4538643003608,0.39960702258392,17,10.858975663352949,0.061094720734516425,17,53.19157213941945,0.2984266839060785,17,3,0.061094720734516425
1.5,0.075,both,59,39,20,157.9534581852866,24.47999999999999,614.4800000000001,0.25705223633850827,21,7.909510068929263,0.036156107464478254,17,-5.377530894185451,-0.030338679233768418,21,155.4214790105427,0.7114087930175432,17,2,-0.030338679233768418
1.0,0.01,no,53,0,53,140.46012806786618,21.160000000000007,551.1600000000001,0.2548445606863092,15,23.43356903763695,0.15056263838111633,17,111.7718878192842,0.6325875138337441,21,5.254671210944982,0.024012572366425906,15,3,0.024012572366425906
1.0,0.05,no,43,0,43,103.19945821140676,14.88,444.88,0.23197144895568864,14,33.983569037636954,0.23422406118710423,13,10.681217962824853,0.07956807183272387,16,58.53467121094497,0.3535769931195709,13,3,0.07956807183272387
0.5,0.04,no,60,0,60,122.43264715099166,19.880000000000006,619.8800000000001,0.19751023932211337,22,-3.3442956087218736,-0.014719610953881485,18,74.8072596955087,0.4021679463228252,20,50.96968306420483,0.2466235208990411,18,2,-0.014719610953881485
0.0,0.04,no,61,0,61,110.59782173675444,19.830000000000005,629.8300000000002,0.17559948198204978,22,-4.652420686258724,-0.020498857447385985,18,74.48055935880835,0.4004331148323031,21,40.76968306420482,0.18799134534147102,18,2,-0.020498857447385985
0.25,0.04,no,61,0,61,110.59782173675444,19.830000000000005,629.8300000000002,0.17559948198204978,22,-4.652420686258724,-0.020498857447385985,18,74.48055935880835,0.4004331148323031,21,40.76968306420482,0.18799134534147102,18,2,-0.020498857447385985
1.5,0.05,both,61,41,20,106.17373618582113,25.819999999999993,635.8200000000002,0.16698709726938615,23,-36.63630388455911,-0.1526194704626499,17,-5.407530894185438,-0.030502769033085738,21,148.21757096456574,0.6783723326676997,17,1,-0.1526194704626499
2.0,0.05,both,56,39,17,85.33438815673918,27.339999999999986,587.3400000000003,0.14528959062338534,21,-42.125026576204476,-0.19127742167826575,17,83.24624839062568,0.46746545592220184,18,44.21316634231801,0.23389497086345024,17,2,-0.19127742167826575
0.0,0.05,no,56,0,56,82.63904964334888,17.82,577.8199999999999,0.14301867301815252,20,17.56570439127812,0.0851505375504296,17,-5.471831213582243,-0.031199858670214645,19,70.54517646565297,0.35964912804309435,17,2,-0.031199858670214645
0.25,0.05,no,56,0,56,82.63904964334888,17.82,577.8199999999999,0.14301867301815252,20,17.56570439127812,0.0851505375504296,17,-5.471831213582243,-0.031199858670214645,19,70.54517646565297,0.35964912804309435,17,2,-0.031199858670214645
0.5,0.05,no,56,0,56,82.63904964334888,17.82,577.8199999999999,0.14301867301815252,20,17.56570439127812,0.0851505375504296,17,-5.471831213582243,-0.031199858670214645,19,70.54517646565297,0.35964912804309435,17,2,-0.031199858670214645
0.0,0.15,both,34,26,8,44.31853059836025,16.14,356.14000000000016,0.12444131689324486,16,-1.9575497918377707,-0.011699436958150674,10,16.340106364224003,0.15602125813256945,8,29.935974025974026,0.3559992154355337,8,2,-0.011699436958150674
0.25,0.15,both,34,26,8,44.31853059836025,16.14,356.14000000000016,0.12444131689324486,16,-1.9575497918377707,-0.011699436958150674,10,16.340106364224003,0.15602125813256945,8,29.935974025974026,0.3559992154355337,8,2,-0.011699436958150674
0.5,0.15,both,34,26,8,44.31853059836025,16.14,356.14000000000016,0.12444131689324486,16,-1.9575497918377707,-0.011699436958150674,10,16.340106364224003,0.15602125813256945,8,29.935974025974026,0.3559992154355337,8,2,-0.011699436958150674
1.0,0.15,both,34,26,8,44.31853059836025,16.14,356.14000000000016,0.12444131689324486,16,-1.9575497918377707,-0.011699436958150674,10,16.340106364224003,0.15602125813256945,8,29.935974025974026,0.3559992154355337,8,2,-0.011699436958150674
1.5,0.15,both,34,26,8,44.31853059836025,16.14,356.14000000000016,0.12444131689324486,16,-1.9575497918377707,-0.011699436958150674,10,16.340106364224003,0.15602125813256945,8,29.935974025974026,0.3559992154355337,8,2,-0.011699436958150674
2.0,0.15,both,34,26,8,44.31853059836025,16.14,356.14000000000016,0.12444131689324486,16,-1.9575497918377707,-0.011699436958150674,10,16.340106364224003,0.15602125813256945,8,29.935974025974026,0.3559992154355337,8,2,-0.011699436958150674
1.0,0.075,both,77,58,19,89.99620933888421,26.909999999999986,796.9100000000003,0.11293145943567552,27,-23.830152955623717,-0.08529656008169416,21,-13.257361060491004,-0.06107975609532829,29,127.08372335499897,0.4229357140408644,21,1,-0.08529656008169416
2.0,0.04,both,58,40,18,64.03438815673917,28.639999999999986,608.6400000000003,0.10520897107771282,21,-42.125026576204476,-0.19127742167826575,18,72.54624839062568,0.3842899056606934,19,33.613166342317996,0.16837732977166753,18,2,-0.19127742167826575
0.5,0.03,no,61,0,61,62.70022290856745,20.370000000000005,630.3700000000002,0.0994657469558631,22,-3.3442956087218736,-0.014719610953881485,18,25.654835453084427,0.13798857278982588,21,40.38968306420483,0.1859133857961097,18,2,-0.014719610953881485
1.5,0.1,both,56,37,19,49.19998106689922,22.929999999999993,582.9300000000002,0.08440118207486183,20,7.670884833524363,0.036849136924265564,16,-39.07432563317529,-0.23402003733110918,20,80.60342186655016,0.387908089256221,16,2,-0.23402003733110918
0.5,0.02,no,62,0,62,52.21022290856744,20.86,640.8600000000001,0.08146899932679123,23,-13.834295608721872,-0.05820310323834352,18,25.654835453084427,0.13798857278982588,21,40.38968306420483,0.1859133857961097,18,2,-0.05820310323834352
1.5,0.04,both,65,42,23,53.90531513318958,28.21999999999999,678.2200000000001,0.07948057434636191,24,-47.18630388455911,-0.18829331159041943,19,-26.667530894185415,-0.13431817716422598,22,127.75914991193413,0.5577053863800162,19,1,-0.18829331159041943
1.0,0.075,yes,72,72,0,55.52137796448457,27.66999999999998,747.6700000000002,0.07425920254187617,25,18.972397370286657,0.07306349355060907,20,11.859081516539776,0.05700385270399815,27,24.689899077658133,0.08819080967873312,20,3,0.05700385270399815
0.0,0.1,both,60,40,20,44.19020211093157,22.889999999999997,622.8900000000001,0.07094382974671541,21,-10.312377577823156,-0.04725895961607239,16,-26.329563728413373,-0.15848771280571466,23,80.83214341716811,0.33884780304828377,16,1,-0.15848771280571466
0.25,0.1,both,60,40,20,44.19020211093157,22.889999999999997,622.8900000000001,0.07094382974671541,21,-10.312377577823156,-0.04725895961607239,16,-26.329563728413373,-0.15848771280571466,23,80.83214341716811,0.33884780304828377,16,1,-0.15848771280571466
0.5,0.1,both,60,40,20,44.19020211093157,22.889999999999997,622.8900000000001,0.07094382974671541,21,-10.312377577823156,-0.04725895961607239,16,-26.329563728413373,-0.15848771280571466,23,80.83214341716811,0.33884780304828377,16,1,-0.15848771280571466
1.0,0.1,both,60,40,20,44.19020211093157,22.889999999999997,622.8900000000001,0.07094382974671541,21,-10.312377577823156,-0.04725895961607239,16,-26.329563728413373,-0.15848771280571466,23,80.83214341716811,0.33884780304828377,16,1,-0.15848771280571466
2.0,0.04,yes,51,51,0,37.28061642216745,26.93999999999999,536.9400000000002,0.06943162443134696,18,7.503714225896374,0.039666512797464575,17,63.78721275527727,0.35593556584608715,16,-34.01031055900622,-0.20176975889301266,16,2,-0.20176975889301266
2.0,0.03,both,60,42,18,42.71438815673918,29.959999999999983,629.9600000000003,0.06780492119616986,22,-52.805026576204476,-0.2286822856359814,18,72.57624839062568,0.3845099252483481,20,22.94316634231801,0.10909731974473612,18,2,-0.2286822856359814
2.0,0.05,yes,50,50,0,33.557539499090545,26.239999999999988,526.2400000000001,0.06376850771338274,18,-6.89936269718055,-0.03647561563404996,16,74.48721275527728,0.4420343763294599,16,-34.030310559006224,-0.2018644593605779,16,1,-0.2018644593605779
1.5,0.02,both,66,43,23,43.25531513318956,28.86999999999999,688.8700000000002,0.06279169528821048,24,-47.18630388455911,-0.18829331159041943,19,-26.637530894185428,-0.13418735023014172,23,117.07914991193412,0.4883181094091346,19,1,-0.18829331159041943
1.5,0.03,both,66,43,23,43.25531513318956,28.86999999999999,688.8700000000002,0.06279169528821048,24,-47.18630388455911,-0.18829331159041943,19,-26.637530894185428,-0.13418735023014172,23,117.07914991193412,0.4883181094091346,19,1,-0.18829331159041943
0.0,0.03,no,64,0,64,40.837096127718496,20.200000000000003,660.2,0.06185564393777415,23,-6.759844092912516,-0.028558699167353256,18,30.332922181056706,0.16301011490249737,23,17.264018039574292,0.07271509577783798,18,2,-0.028558699167353256
0.25,0.03,no,64,0,64,40.74709612771849,20.290000000000003,660.2900000000001,0.06171090903651197,23,-6.8498440929125195,-0.028927928092033102,18,30.332922181056706,0.16301011490249737,23,17.264018039574292,0.07271509577783798,18,2,-0.028927928092033102
2.0,0.02,both,61,42,19,31.974388156739188,30.699999999999985,640.7000000000004,0.04990539746642605,22,-52.805026576204476,-0.2286822856359814,18,72.57624839062568,0.3845099252483481,21,12.203166342318006,0.05520795486028774,18,2,-0.2286822856359814
1.0,0.05,both,77,59,18,30.15954414285298,27.449999999999985,797.4500000000003,0.03781998136918047,27,-60.899300242445435,-0.21760630401788544,21,-29.260376933506894,-0.13472869018098765,29,120.31922131880532,0.4005166982417539,21,1,-0.21760630401788544
2.0,0.1,both,49,36,13,14.662641123425594,22.299999999999997,512.3000000000003,0.028621200709399934,18,6.353730769329974,0.033778472989526714,16,-6.716115879803109,-0.040148947153294534,15,15.025026233898735,0.09574959363942603,15,2,-0.040148947153294534
2.0,0.03,yes,53,53,0,15.960616422167451,28.259999999999987,558.2600000000002,0.0285899337623463,19,-3.1762857741036186,-0.015893348882179727,17,63.80721275527726,0.35608690638583224,17,-44.670310559006225,-0.24924846869214495,17,1,-0.24924846869214495
2.0,0.01,yes,53,53,0,15.920616422167459,28.299999999999986,558.3000000000002,0.0285162393375738,19,-3.1762857741036186,-0.015893348882179727,17,63.80721275527726,0.35608690638583224,17,-44.71031055900622,-0.24941599106887322,17,1,-0.24941599106887322
2.0,0.02,yes,53,53,0,15.920616422167459,28.299999999999986,558.3000000000002,0.0285162393375738,19,-3.1762857741036186,-0.015893348882179727,17,63.80721275527726,0.35608690638583224,17,-44.71031055900622,-0.24941599106887322,17,1,-0.24941599106887322
0.0,0.02,both,79,68,11,21.597083042446762,26.879999999999985,816.8800000000003,0.026438501423032456,27,1.92654300848152,0.00688813689614044,22,-8.286815635496751,-0.03646884493903424,30,27.95735566946199,0.09019665656685374,22,2,-0.03646884493903424
0.0,0.01,no,70,0,70,18.469829465780737,23.969999999999995,723.9700000000001,0.025511871300994148,26,3.526867104386918,0.013128600001440283,19,11.996194694706576,0.061120877845348635,25,2.946767666687232,0.011374846239045904,19,3,0.011374846239045904
0.25,0.02,no,66,0,66,16.481967922590282,21.35,681.3500000000001,0.02419016353209111,25,-27.939844092912516,-0.10834436207892242,18,27.147793975928504,0.14590881423158397,23,17.274018039574283,0.07276027985162496,18,2,-0.10834436207892242
0.0,0.075,yes,73,73,0,12.929919974650653,26.879999999999985,756.8800000000002,0.017083183562322496,25,19.2724258669392,0.07431049110059457,20,11.859081516539776,0.05700385270399815,28,-18.201587408828352,-0.06287466720380097,20,2,-0.06287466720380097
0.25,0.075,yes,73,73,0,12.929919974650653,26.879999999999985,756.8800000000002,0.017083183562322496,25,19.2724258669392,0.07431049110059457,20,11.859081516539776,0.05700385270399815,28,-18.201587408828352,-0.06287466720380097,20,2,-0.06287466720380097
0.5,0.075,yes,73,73,0,12.929919974650653,26.879999999999985,756.8800000000002,0.017083183562322496,25,19.2724258669392,0.07431049110059457,20,11.859081516539776,0.05700385270399815,28,-18.201587408828352,-0.06287466720380097,20,2,-0.06287466720380097
0.0,0.03,both,79,63,16,13.631035568590557,26.95999999999998,816.96,0.016685070956461216,27,-17.993591738132512,-0.06437087875409618,22,0.9457772824184367,0.00415890806217157,30,30.678850024304616,0.09895764797208119,22,2,-0.06437087875409618
0.25,0.03,both,79,63,16,13.601035568590556,26.98999999999998,816.99,0.01664773812236448,27,-17.993591738132512,-0.06437087875409618,22,0.9557772824184418,0.004203066325498865,30,30.63885002430461,0.0988158744252874,22,2,-0.06437087875409618
0.0,0.05,both,79,62,17,12.31736264294977,26.78999999999999,816.7900000000001,0.015080207449833823,27,-1.8999342807059572,-0.006800781331946726,22,-26.074270587023197,-0.11477361821913548,30,40.29156751067892,0.12987225216180673,22,1,-0.11477361821913548
0.25,0.05,both,79,62,17,12.31736264294977,26.78999999999999,816.7900000000001,0.015080207449833823,27,-1.8999342807059572,-0.006800781331946726,22,-26.074270587023197,-0.11477361821913548,30,40.29156751067892,0.12987225216180673,22,1,-0.11477361821913548
0.0,0.02,no,67,0,67,10.415726901678152,21.96,691.96,0.015052498557254974,25,-24.144671357151545,-0.09363843846093288,19,11.786194694706577,0.05998674009928022,23,22.774203564123123,0.09583892422725716,19,2,-0.09363843846093288
0.5,0.05,both,79,62,17,12.22736264294978,26.87999999999999,816.8800000000001,0.014968370682290885,27,-1.9899342807059535,-0.007120640809797299,22,-26.074270587023197,-0.11477361821913548,30,40.29156751067892,0.12987225216180673,22,1,-0.11477361821913548
0.5,0.01,no,66,0,66,9.430222908567387,23.639999999999997,683.6400000000003,0.013794135668725328,23,-13.834295608721872,-0.05820310323834352,19,14.964835453084437,0.07611431490302852,24,8.299683064204842,0.033286608904326796,19,2,-0.05820310323834352
1.0,0.01,yes,74,74,0,9.531196188400736,28.26999999999998,768.2700000000002,0.012406050201622781,26,8.67239737028666,0.03212355954471482,21,-7.218177170718899,-0.033045722523091604,27,8.076975988832904,0.028859741983181125,21,2,-0.033045722523091604
1.0,0.02,yes,74,74,0,9.531196188400736,28.26999999999998,768.2700000000002,0.012406050201622781,26,8.67239737028666,0.03212355954471482,21,-7.218177170718899,-0.033045722523091604,27,8.076975988832904,0.028859741983181125,21,2,-0.033045722523091604
1.0,0.03,yes,74,74,0,9.521196188400717,28.27999999999998,768.2800000000002,0.012392872635498405,26,8.67239737028666,0.03212355954471482,21,-7.228177170718904,-0.03308998887895488,27,8.076975988832904,0.028859741983181125,21,2,-0.03308998887895488
1.0,0.04,yes,74,74,0,9.521196188400717,28.279999999999976,768.2800000000002,0.012392872635498405,26,8.652397370286657,0.032047103115991904,21,-7.208177170718901,-0.033001452113903956,27,8.076975988832904,0.028859741983181125,21,2,-0.033001452113903956
0.0,0.075,both,77,60,17,9.612602693545442,26.069999999999986,796.0700000000005,0.012075072158912452,27,-23.490124458971184,-0.08418795949742378,21,-13.257361060491004,-0.06107975609532829,29,46.36008821300764,0.1545336273766921,21,1,-0.08418795949742378
0.25,0.075,both,77,60,17,9.612602693545442,26.069999999999986,796.0700000000005,0.012075072158912452,27,-23.490124458971184,-0.08418795949742378,21,-13.257361060491004,-0.06107975609532829,29,46.36008821300764,0.1545336273766921,21,1,-0.08418795949742378
0.5,0.075,both,77,60,17,9.612602693545442,26.069999999999986,796.0700000000005,0.012075072158912452,27,-23.490124458971184,-0.08418795949742378,21,-13.257361060491004,-0.06107975609532829,29,46.36008821300764,0.1545336273766921,21,1,-0.08418795949742378
1.0,0.02,both,78,59,19,9.701123090221403,28.039999999999985,808.0400000000003,0.012005746114327755,27,-60.899300242445435,-0.21760630401788544,21,-29.260376933506894,-0.13472869018098765,30,99.86080026617374,0.32109582079155535,21,1,-0.21760630401788544
1.0,0.03,both,78,59,19,9.701123090221403,28.039999999999985,808.0400000000003,0.012005746114327755,27,-60.899300242445435,-0.21760630401788544,21,-29.260376933506894,-0.13472869018098765,30,99.86080026617374,0.32109582079155535,21,1,-0.21760630401788544
1.0,0.04,both,78,59,19,9.701123090221403,28.039999999999985,808.0400000000003,0.012005746114327755,27,-60.899300242445435,-0.21760630401788544,21,-29.260376933506894,-0.13472869018098765,30,99.86080026617374,0.32109582079155535,21,1,-0.21760630401788544
1.5,0.075,yes,55,55,0,5.392991107454403,25.92999999999999,575.9300000000001,0.00936396976621187,19,1.6058411728609059,0.008065500617081398,16,0.5942457953961231,0.0035481597527831565,20,3.1929041391973563,0.015251512487209722,16,3,0.0035481597527831565
0.25,0.01,both,79,63,16,7.1675290750840635,26.929999999999982,816.93,0.008773737131803292,27,-17.993591738132512,-0.06437087875409618,22,-5.47772921108805,-0.024094876445359594,30,30.63885002430461,0.0988158744252874,22,1,-0.06437087875409618
0.25,0.02,both,79,63,16,7.1675290750840635,26.929999999999982,816.93,0.008773737131803292,27,-17.993591738132512,-0.06437087875409618,22,-5.47772921108805,-0.024094876445359594,30,30.63885002430461,0.0988158744252874,22,1,-0.06437087875409618
1.0,0.05,yes,74,74,0,3.6750132243593274,28.33999999999998,768.3400000000001,0.004783055970480942,26,-5.750679552790267,-0.021301179956255384,21,-8.499704264314953,-0.03890380933868067,27,17.925397041464485,0.06404443546201893,21,1,-0.03890380933868067
2.0,0.075,yes,49,49,0,-6.499679079432429,25.10999999999999,515.1100000000001,-0.012618040961022748,18,7.413714225896371,0.03917211363149303,15,21.738511456575967,0.1380573571483295,16,-35.65190476190476,-0.21172222080827102,15,2,-0.21172222080827102
0.25,0.01,no,69,0,69,-15.528032077409726,23.36,713.3600000000002,-0.02176745553074145,25,-27.939844092912516,-0.10834436207892242,19,16.537793975928505,0.08408905260552453,25,-4.125981960425707,-0.01594212727647969,19,1,-0.10834436207892242
0.0,0.01,both,79,68,11,-19.809311451381582,26.999999999999982,817.0000000000003,-0.024246403245265086,27,-17.73667482831417,-0.06341547723663402,22,-24.85025825844756,-0.1092799395710095,30,22.777621635380136,0.07349753681836706,22,1,-0.1092799395710095
0.0,0.04,both,79,59,20,-26.45568665602481,26.809999999999988,816.8100000000003,-0.032389033748392894,27,-51.665109871903255,-0.18498732454403394,22,-4.149009782254186,-0.018251043778886145,30,29.358432998132628,0.0946466133599814,22,1,-0.18498732454403394
0.25,0.04,both,79,59,20,-26.45568665602481,26.809999999999988,816.8100000000003,-0.032389033748392894,27,-51.665109871903255,-0.18498732454403394,22,-4.149009782254186,-0.018251043778886145,30,29.358432998132628,0.0946466133599814,22,1,-0.18498732454403394
1.0,0.01,both,78,58,20,-43.060455857147005,28.169999999999984,808.1700000000003,-0.053281433185031604,27,-60.899300242445435,-0.21760630401788544,21,-29.260376933506894,-0.13472869018098765,30,47.099221318805306,0.15138116323982032,21,1,-0.21760630401788544
0.5,0.01,both,79,60,19,-48.52858066105805,26.58999999999999,816.5900000000001,-0.05942833081602523,27,-52.24981697865317,-0.18708757153628314,22,-26.074270587023197,-0.11477361821913548,30,29.7955069046183,0.09607424920071679,22,1,-0.18708757153628314
0.5,0.02,both,79,60,19,-48.52858066105805,26.58999999999999,816.5900000000001,-0.05942833081602523,27,-52.24981697865317,-0.18708757153628314,22,-26.074270587023197,-0.11477361821913548,30,29.7955069046183,0.09607424920071679,22,1,-0.18708757153628314
0.5,0.03,both,79,60,19,-48.52858066105805,26.58999999999999,816.5900000000001,-0.05942833081602523,27,-52.24981697865317,-0.18708757153628314,22,-26.074270587023197,-0.11477361821913548,30,29.7955069046183,0.09607424920071679,22,1,-0.18708757153628314
0.5,0.04,both,79,60,19,-48.59858066105807,26.65999999999999,816.6600000000002,-0.05950895190294377,27,-52.29981697865317,-0.1872330826572626,22,-26.074270587023197,-0.11477361821913548,30,29.775506904618297,0.09600356893315588,22,1,-0.1872330826572626
1.5,0.01,both,70,42,28,-52.286263814178845,31.779999999999987,731.7800000000003,-0.07145079643359865,24,-47.18630388455911,-0.18829331159041943,21,-48.02753089418543,-0.2184062341709206,25,42.92757096456568,0.16429719444490848,21,1,-0.2184062341709206
0.0,0.05,yes,78,78,0,-76.99949824710093,27.419999999999984,807.4199999999998,-0.09536486369807652,27,-44.351004193198,-0.15875932199741552,22,-8.388385942745845,-0.03673638408840258,29,-24.260108111157088,-0.08094257343906675,22,0,-0.15875932199741552
0.25,0.05,yes,78,78,0,-76.99949824710093,27.419999999999984,807.4199999999998,-0.09536486369807652,27,-44.351004193198,-0.15875932199741552,22,-8.388385942745845,-0.03673638408840258,29,-24.260108111157088,-0.08094257343906675,22,0,-0.15875932199741552
0.5,0.05,yes,78,78,0,-77.08949824710093,27.509999999999984,807.51,-0.09546568865661222,27,-44.441004193198005,-0.15903025297261764,22,-8.388385942745845,-0.03673638408840258,29,-24.260108111157088,-0.08094257343906675,22,0,-0.15903025297261764
0.0,0.04,yes,78,78,0,-86.69622460403596,27.429999999999982,807.43,-0.10737305352047356,27,-44.41595593506215,-0.158980442175754,22,-15.411419984664388,-0.06747852351094351,29,-26.86884868430942,-0.08966444865617505,22,0,-0.158980442175754
0.25,0.04,yes,78,78,0,-86.69622460403596,27.429999999999982,807.43,-0.10737305352047356,27,-44.41595593506215,-0.158980442175754,22,-15.411419984664388,-0.06747852351094351,29,-26.86884868430942,-0.08966444865617505,22,0,-0.158980442175754
2.0,0.01,both,65,41,24,-73.41561184326079,33.58999999999998,683.5900000000004,-0.10739714133217389,22,-52.805026576204476,-0.2286822856359814,20,51.18624839062568,0.2435816521872356,23,-71.796833657682,-0.29602058900668754,20,1,-0.29602058900668754
1.5,0.05,yes,56,56,0,-63.57980666948131,26.349999999999987,586.3500000000003,-0.10843319974329543,20,-23.24723575021602,-0.11094943802899836,16,-36.341567012485626,-0.21700344546775915,20,-3.9910039067796603,-0.019063787469690275,16,0,-0.21700344546775915
0.5,0.01,yes,78,78,0,-91.6544137305357,27.199999999999985,807.2000000000002,-0.11354610224298275,27,-44.371004193198004,-0.15881954396591738,22,-23.053301426180614,-0.1010533530275747,29,-24.230108111157087,-0.08085057262890681,22,0,-0.15881954396591738
0.5,0.02,yes,78,78,0,-91.6544137305357,27.199999999999985,807.2000000000002,-0.11354610224298275,27,-44.371004193198004,-0.15881954396591738,22,-23.053301426180614,-0.1010533530275747,29,-24.230108111157087,-0.08085057262890681,22,0,-0.15881954396591738
0.5,0.03,yes,78,78,0,-91.66441373053568,27.209999999999983,807.2100000000002,-0.11355708394412317,27,-44.371004193198004,-0.15881954396591738,22,-23.06330142618062,-0.10109275631708872,29,-24.230108111157087,-0.08085057262890681,22,0,-0.15881954396591738
0.5,0.04,yes,78,78,0,-91.73441373053568,27.279999999999983,807.28,-0.11363394823423803,27,-44.441004193198005,-0.15903025297261764,22,-23.0433014261806,-0.10101394628344994,29,-24.250108111157083,-0.08091190854878742,22,0,-0.15903025297261764
1.5,0.04,yes,57,57,0,-69.64515079903592,26.969999999999985,596.9700000000003,-0.11666440658498063,20,-8.844158827139097,-0.04220548235332426,17,-46.971567012485636,-0.2637370410583135,20,-13.829424959411242,-0.06606834014624134,17,0,-0.2637370410583135
0.0,0.03,yes,79,79,0,-101.93746642641692,27.489999999999977,817.4900000000001,-0.1246956738631872,27,-45.648621574507445,-0.16339258921364253,22,-23.320522483389528,-0.10222022654242802,30,-32.96832236851994,-0.1063597198713422,22,0,-0.16339258921364253
0.25,0.03,yes,79,79,0,-101.96746642641689,27.51999999999998,817.5200000000002,-0.12472779433703991,27,-45.648621574507445,-0.16339258921364253,22,-23.310522483389523,-0.10218087267518311,30,-33.00832236851995,-0.10647502457507804,22,0,-0.16339258921364253
1.5,0.01,yes,58,58,0,-80.3251507990359,27.649999999999984,607.6500000000003,-0.1321898309866467,20,-8.844158827139097,-0.04220548235332426,17,-46.991567012485646,-0.26381971150059313,21,-24.48942495941125,-0.1113256885144615,17,0,-0.26381971150059313
1.5,0.02,yes,58,58,0,-80.3251507990359,27.649999999999984,607.6500000000003,-0.1321898309866467,20,-8.844158827139097,-0.04220548235332426,17,-46.991567012485646,-0.26381971150059313,21,-24.48942495941125,-0.1113256885144615,17,0,-0.26381971150059313
1.5,0.03,yes,58,58,0,-80.33515079903594,27.659999999999986,607.6600000000003,-0.1322041121664021,20,-8.844158827139097,-0.04220548235332426,17,-46.991567012485646,-0.26381971150059313,21,-24.499424959411247,-0.11136608463753461,17,0,-0.26381971150059313
0.25,0.01,yes,79,79,0,-108.39097291992339,27.449999999999978,817.4500000000002,-0.13259645595439887,27,-45.63862157450745,-0.16336264299855907,22,-29.744028976896015,-0.13041622737271896,30,-33.00832236851995,-0.10647502457507804,22,0,-0.16336264299855907
0.25,0.02,yes,79,79,0,-108.40097291992338,27.45999999999998,817.4600000000002,-0.13260706691449534,27,-45.648621574507445,-0.16339258921364253,22,-29.744028976896015,-0.13041622737271896,30,-33.00832236851995,-0.10647502457507804,22,0,-0.16339258921364253
0.0,0.02,yes,79,79,0,-111.91908866926047,27.529999999999983,817.5300000000003,-0.13689906018037312,27,-51.75893229640341,-0.18494580253127776,22,-24.470339649494548,-0.10743914493104384,30,-35.68981672336256,-0.1151618751358864,22,0,-0.18494580253127776
0.0,0.01,yes,79,79,0,-119.723754020886,27.329999999999984,817.3300000000003,-0.1464815362471535,27,-52.19138090242987,-0.18649103445447676,22,-25.090258258447562,-0.11021902239697576,30,-42.44211486000853,-0.13698516883454967,22,0,-0.18649103445447676
0.0,0.1,yes,51,51,0,-100.46585798515454,21.79,531.7900000000002,-0.18892017146835124,16,-53.84586098562092,-0.3228169123838185,15,-8.923025134069931,-0.05689616230357668,20,-37.69697186546372,-0.18109613694016005,15,0,-0.3228169123838185
0.25,0.1,yes,51,51,0,-100.46585798515454,21.79,531.7900000000002,-0.18892017146835124,16,-53.84586098562092,-0.3228169123838185,15,-8.923025134069931,-0.05689616230357668,20,-37.69697186546372,-0.18109613694016005,15,0,-0.3228169123838185
0.5,0.1,yes,51,51,0,-100.46585798515454,21.79,531.7900000000002,-0.18892017146835124,16,-53.84586098562092,-0.3228169123838185,15,-8.923025134069931,-0.05689616230357668,20,-37.69697186546372,-0.18109613694016005,15,0,-0.3228169123838185
1.0,0.1,yes,51,51,0,-100.46585798515454,21.79,531.7900000000002,-0.18892017146835124,16,-53.84586098562092,-0.3228169123838185,15,-8.923025134069931,-0.05689616230357668,20,-37.69697186546372,-0.18109613694016005,15,0,-0.3228169123838185
2.0,0.1,yes,42,42,0,-85.46787282336763,20.45,440.45000000000016,-0.19404670864653786,15,-44.336419305134456,-0.2820741780451359,14,4.1634199134198955,0.028322584445033303,13,-45.29487343165309,-0.33239064674288604,13,1,-0.33239064674288604
1.5,0.1,yes,48,48,0,-101.04508875438529,21.599999999999998,501.60000000000014,-0.2014455517431923,16,-54.07586098562092,-0.32374939223864535,15,-9.25302513406993,-0.05887646432979085,17,-37.71620263469449,-0.21259344250433732,15,0,-0.32374939223864535
0.0,0.15,yes,28,28,0,-73.12119377797346,13.750000000000002,293.75000000000006,-0.2489232128611862,13,-55.574483821263485,-0.4081557272419469,7,-7.472683982683996,-0.1016830042547829,8,-10.07402597402597,-0.11978627793134329,7,0,-0.4081557272419469
0.25,0.15,yes,28,28,0,-73.12119377797346,13.750000000000002,293.75000000000006,-0.2489232128611862,13,-55.574483821263485,-0.4081557272419469,7,-7.472683982683996,-0.1016830042547829,8,-10.07402597402597,-0.11978627793134329,7,0,-0.4081557272419469
0.5,0.15,yes,28,28,0,-73.12119377797346,13.750000000000002,293.75000000000006,-0.2489232128611862,13,-55.574483821263485,-0.4081557272419469,7,-7.472683982683996,-0.1016830042547829,8,-10.07402597402597,-0.11978627793134329,7,0,-0.4081557272419469
1.0,0.15,yes,28,28,0,-73.12119377797346,13.750000000000002,293.75000000000006,-0.2489232128611862,13,-55.574483821263485,-0.4081557272419469,7,-7.472683982683996,-0.1016830042547829,8,-10.07402597402597,-0.11978627793134329,7,0,-0.4081557272419469
1.5,0.15,yes,28,28,0,-73.12119377797346,13.750000000000002,293.75000000000006,-0.2489232128611862,13,-55.574483821263485,-0.4081557272419469,7,-7.472683982683996,-0.1016830042547829,8,-10.07402597402597,-0.11978627793134329,7,0,-0.4081557272419469
2.0,0.15,yes,28,28,0,-73.12119377797346,13.750000000000002,293.75000000000006,-0.2489232128611862,13,-55.574483821263485,-0.4081557272419469,7,-7.472683982683996,-0.1016830042547829,8,-10.07402597402597,-0.11978627793134329,7,0,-0.4081557272419469
