game_pk,side,ticker,entry_time,exit_time,entry_price,exit_price,contracts,fees,pnl,exit_reason,entry_decision_time
824382,away_yes,KXMLBGAME-26SEP161310CWSCLE-CWS,2026-09-16 18:11:45.720746+00:00,2026-09-16 18:28:55.690308+00:00,0.16,0.59,1.0,0.026500000000000024,0.40349999999999997,timed_sale,2026-09-16 18:11:45+00:00
823655,away_yes,KXMLBGAME-26SEP161340NYYMIN-NYY,2026-09-16 17:57:55.717756+00:00,2026-09-16 18:47:50.712478+00:00,0.44,0.38,1.0,0.0338,-0.0938,timed_sale,2026-09-16 17:57:55+00:00
823655,away_yes,KXMLBGAME-26SEP161340NYYMIN-NYY,2026-09-16 18:54:00.701758+00:00,2026-09-16 19:01:45.689488+00:00,0.41000000000000003,0.19999999999999998,1.0,0.028199999999999975,-0.23820000000000002,timed_sale,2026-09-16 18:54:00+00:00
824382,away_yes,KXMLBGAME-26SEP161310CWSCLE-CWS,2026-09-16 18:55:00.721332+00:00,2026-09-16 19:14:25.715092+00:00,0.13,0.060000000000000005,1.0,0.012000000000000004,-0.082,timed_sale,2026-09-16 18:55:00+00:00
822763,away_yes,KXMLBGAME-26SEP161507DETTOR-DET,2026-09-16 20:27:35.703048+00:00,2026-09-16 20:53:05.697844+00:00,0.29000000000000004,0.04,1.0,0.01719999999999996,-0.2672,timed_sale,2026-09-16 20:27:35+00:00
822763,away_yes,KXMLBGAME-26SEP161507DETTOR-DET,2026-09-16 20:53:45.708462+00:00,2026-09-16 21:37:00.707804+00:00,0.06999999999999999,0.019999999999999997,1.0,0.006000000000000009,-0.05600000000000001,timed_sale,2026-09-16 20:53:45+00:00
824467,away_yes,KXMLBGAME-26SEP161840LADCIN-LAD,2026-09-16 23:27:55.680664+00:00,2026-09-16 23:39:05.716762+00:00,0.71,0.44,1.0,0.03180000000000005,-0.3018,timed_sale,2026-09-16 23:27:55+00:00
824467,away_yes,KXMLBGAME-26SEP161840LADCIN-LAD,2026-09-17 00:05:30.718055+00:00,2026-09-17 00:11:00.680553+00:00,0.53,0.36,1.0,0.03369999999999995,-0.2037,timed_sale,2026-09-17 00:05:30+00:00
824467,away_yes,KXMLBGAME-26SEP161840LADCIN-LAD,2026-09-17 00:18:00.690902+00:00,2026-09-17 00:23:45.719731+00:00,0.28,0.35,1.0,0.030200000000000005,0.03979999999999995,timed_sale,2026-09-17 00:18:00+00:00
824467,away_yes,KXMLBGAME-26SEP161840LADCIN-LAD,2026-09-17 00:38:30.685573+00:00,2026-09-17 00:47:55.702983+00:00,0.27,0.16,1.0,0.023299999999999987,-0.1333,timed_sale,2026-09-17 00:38:30+00:00
823332,home_yes,KXMLBGAME-26SEP161840MILPIT-PIT,2026-09-17 00:03:45.700078+00:00,2026-09-17 00:49:00.705844+00:00,0.26,0.69,1.0,0.028500000000000025,0.4014999999999999,timed_sale,2026-09-17 00:03:45+00:00
822680,home_yes,KXMLBGAME-26SEP161845PHIWSH-WSH,2026-09-16 22:57:25.698499+00:00,2026-09-17 00:49:45.720575+00:00,0.16,0.049999999999999996,1.0,0.012900000000000016,-0.12290000000000002,timed_sale,2026-09-16 22:57:25+00:00
824467,away_yes,KXMLBGAME-26SEP161840LADCIN-LAD,2026-09-17 00:59:30.727547+00:00,2026-09-17 01:07:20.695870+00:00,0.18000000000000002,0.11,1.0,0.017299999999999996,-0.08730000000000002,timed_sale,2026-09-17 00:59:30+00:00
823332,home_yes,KXMLBGAME-26SEP161840MILPIT-PIT,2026-09-17 01:01:50.685830+00:00,2026-09-17 01:13:55.703954+00:00,0.22,0.3,1.0,0.02679999999999999,0.0532,timed_sale,2026-09-17 01:01:50+00:00
824467,away_yes,KXMLBGAME-26SEP161840LADCIN-LAD,2026-09-17 01:09:15.712132+00:00,2026-09-17 01:16:15.712775+00:00,0.09,0.04,1.0,0.0085,-0.058499999999999996,timed_sale,2026-09-17 01:09:15+00:00
823332,away_yes,KXMLBGAME-26SEP161840MILPIT-MIL,2026-09-17 01:17:40.680898+00:00,2026-09-17 01:32:20.682195+00:00,0.63,0.85,1.0,0.025399999999999978,0.1946,timed_sale,2026-09-17 01:17:40+00:00
822846,home_yes,KXMLBGAME-26SEP162005BOSTEX-TEX,2026-09-17 01:54:15.692536+00:00,2026-09-17 02:15:30.715773+00:00,0.42,0.52,1.0,0.034599999999999964,0.06540000000000007,timed_sale,2026-09-17 01:54:15+00:00
822846,away_yes,KXMLBGAME-26SEP162005BOSTEX-BOS,2026-09-17 02:23:10.682542+00:00,2026-09-17 02:30:45.698054+00:00,0.16,0.04,1.0,0.01220000000000001,-0.1322,timed_sale,2026-09-17 02:23:10+00:00
825031,home_yes,KXMLBGAME-26SEP162140MIAAZ-AZ,2026-09-17 03:03:45.689185+00:00,2026-09-17 03:09:10.721427+00:00,0.2,0.16,1.0,0.020699999999999996,-0.060700000000000004,timed_sale,2026-09-17 03:03:45+00:00
823979,home_yes,KXMLBGAME-26SEP162138SEALAA-LAA,2026-09-17 03:17:55.704627+00:00,2026-09-17 03:24:55.695031+00:00,0.15000000000000002,0.12000000000000001,1.0,0.016399999999999984,-0.0464,timed_sale,2026-09-17 03:17:55+00:00
825031,home_yes,KXMLBGAME-26SEP162140MIAAZ-AZ,2026-09-17 03:48:25.708330+00:00,2026-09-17 04:13:45.709755+00:00,0.24000000000000002,0.1,1.0,0.019100000000000006,-0.15910000000000002,timed_sale,2026-09-17 03:48:25+00:00
823334,away_yes,KXMLBGAME-26SEP171235MILPIT-MIL,2026-09-17 17:14:40.712754+00:00,2026-09-17 17:38:30.722005+00:00,0.22,0.13,1.0,0.020100000000000007,-0.1101,timed_sale,2026-09-17 17:14:40+00:00
823573,away_yes,KXMLBGAME-26SEP171915PHINYM-PHI,2026-09-18 00:01:10.729297+00:00,2026-09-18 00:09:55.682557+00:00,0.46,0.48,1.0,0.03489999999999999,-0.014900000000000024,timed_sale,2026-09-18 00:01:10+00:00
823573,away_yes,KXMLBGAME-26SEP171915PHINYM-PHI,2026-09-18 00:15:30.708158+00:00,2026-09-18 00:32:50.727452+00:00,0.49,0.7,1.0,0.032200000000000006,0.17779999999999996,timed_sale,2026-09-18 00:15:30+00:00
824141,away_yes,KXMLBGAME-26SEP171915KCHOU-KC,2026-09-18 00:35:35.682542+00:00,2026-09-18 00:48:30.684377+00:00,0.08,0.03,1.0,0.007299999999999994,-0.0573,timed_sale,2026-09-18 00:35:35+00:00
823573,home_yes,KXMLBGAME-26SEP171915PHINYM-NYM,2026-09-18 01:05:35.722719+00:00,2026-09-18 01:18:45.684988+00:00,0.22,0.09000000000000001,1.0,0.017899999999999985,-0.14789999999999998,timed_sale,2026-09-18 01:05:35+00:00
822845,away_yes,KXMLBGAME-26SEP172005BOSTEX-BOS,2026-09-18 00:41:20.715090+00:00,2026-09-18 01:58:55.710794+00:00,0.22,0.16999999999999998,1.0,0.02200000000000002,-0.07200000000000004,timed_sale,2026-09-18 00:41:20+00:00
824463,away_yes,KXMLBGAME-26SEP181840CHCCIN-CHC,2026-09-18 23:13:05.712493+00:00,2026-09-18 23:28:35.706680+00:00,0.54,0.45999999999999996,1.0,0.0348,-0.11480000000000007,timed_sale,2026-09-18 23:13:05+00:00
823331,home_yes,KXMLBGAME-26SEP181840KCPIT-PIT,2026-09-18 23:28:45.717831+00:00,2026-09-19 00:14:55.700480+00:00,0.23,0.59,1.0,0.02940000000000001,0.33059999999999995,timed_sale,2026-09-18 23:28:45+00:00
824790,away_yes,KXMLBGAME-26SEP181905MILBAL-MIL,2026-09-19 00:04:55.721984+00:00,2026-09-19 00:26:30.723975+00:00,0.58,0.54,1.0,0.034499999999999975,-0.0744999999999999,timed_sale,2026-09-19 00:04:55+00:00
824463,away_yes,KXMLBGAME-26SEP181840CHCCIN-CHC,2026-09-19 00:37:00.717972+00:00,2026-09-19 00:43:25.719640+00:00,0.38,0.22,1.0,0.028600000000000014,-0.18860000000000002,timed_sale,2026-09-19 00:37:00+00:00
822847,away_yes,KXMLBGAME-26SEP182005TORTEX-TOR,2026-09-19 00:44:15.720988+00:00,2026-09-19 00:57:50.707910+00:00,0.23,0.1,1.0,0.018699999999999994,-0.1487,timed_sale,2026-09-19 00:44:15+00:00
822923,home_yes,KXMLBGAME-26SEP181910BOSTB-TB,2026-09-18 23:55:00.707894+00:00,2026-09-19 01:04:00.681655+00:00,0.22,0.19999999999999998,1.0,0.023300000000000015,-0.04330000000000003,timed_sale,2026-09-18 23:55:00+00:00
824383,away_yes,KXMLBGAME-26SEP181910ATHCLE-ATH,2026-09-18 23:27:20.686708+00:00,2026-09-19 01:30:05.698365+00:00,0.54,0.019999999999999997,1.0,0.018799999999999973,-0.5388000000000001,timed_sale,2026-09-18 23:27:20+00:00
825032,home_yes,KXMLBGAME-26SEP182140NYYAZ-AZ,2026-09-19 01:52:00.694954+00:00,2026-09-19 02:17:50.696809+00:00,0.18000000000000002,0.13999999999999999,1.0,0.0189,-0.058900000000000036,timed_sale,2026-09-19 01:52:00+00:00
823252,away_yes,KXMLBGAME-26SEP182140MIASD-MIA,2026-09-19 03:00:10.685430+00:00,2026-09-19 03:07:40.709907+00:00,0.31,0.18,1.0,0.025400000000000034,-0.15540000000000004,timed_sale,2026-09-19 03:00:10+00:00
823898,home_yes,KXMLBGAME-26SEP182215SFLAD-LAD,2026-09-19 03:26:30.723932+00:00,2026-09-19 03:37:40.718735+00:00,0.5700000000000001,0.71,1.0,0.03170000000000006,0.10829999999999984,timed_sale,2026-09-19 03:26:30+00:00
823898,home_yes,KXMLBGAME-26SEP182215SFLAD-LAD,2026-09-19 03:46:25.705931+00:00,2026-09-19 04:00:05.700084+00:00,0.6900000000000001,0.74,1.0,0.02849999999999986,0.021500000000000075,timed_sale,2026-09-19 03:46:25+00:00
823898,away_yes,KXMLBGAME-26SEP182215SFLAD-SF,2026-09-19 04:04:40.711638+00:00,2026-09-19 04:12:15.716799+00:00,0.18000000000000002,0.13999999999999999,1.0,0.0189,-0.058900000000000036,timed_sale,2026-09-19 04:04:40+00:00
822921,home_yes,KXMLBGAME-26SEP191610BOSTB-TB,2026-09-19 22:03:30.695509+00:00,2026-09-19 22:14:20.719072+00:00,0.63,0.61,1.0,0.03310000000000002,-0.053100000000000036,timed_sale,2026-09-19 22:03:30+00:00
824788,away_yes,KXMLBGAME-26SEP191605MILBAL-MIL,2026-09-19 21:46:55.683730+00:00,2026-09-19 22:21:45.692764+00:00,0.65,0.95,1.0,0.019400000000000084,0.28059999999999985,timed_sale,2026-09-19 21:46:55+00:00
823330,home_yes,KXMLBGAME-26SEP191840KCPIT-PIT,2026-09-20 00:49:40.707075+00:00,2026-09-20 01:11:25.724439+00:00,0.26,0.88,1.0,0.020899999999999974,0.5991,timed_sale,2026-09-20 00:49:40+00:00
825029,away_yes,KXMLBGAME-26SEP192010NYYAZ-NYY,2026-09-20 02:23:35.704924+00:00,2026-09-20 02:39:05.712819+00:00,0.41000000000000003,0.44,1.0,0.03429999999999994,-0.0042999999999999705,timed_sale,2026-09-20 02:23:35+00:00
824304,away_yes,KXMLBGAME-26SEP192010SEACOL-SEA,2026-09-20 02:30:15.683925+00:00,2026-09-20 02:52:10.713205+00:00,0.16,0.1,1.0,0.01580000000000001,-0.0758,timed_sale,2026-09-20 02:30:15+00:00
823899,away_yes,KXMLBGAME-26SEP192110SFLAD-SF,2026-09-20 02:35:25.694363+00:00,2026-09-20 02:52:30.722091+00:00,0.28,0.049999999999999996,1.0,0.017599999999999998,-0.24760000000000004,timed_sale,2026-09-20 02:35:25+00:00
823976,away_yes,KXMLBGAME-26SEP192138MINLAA-MIN,2026-09-20 03:07:20.715531+00:00,2026-09-20 03:40:05.719585+00:00,0.62,0.89,1.0,0.023399999999999976,0.24660000000000004,timed_sale,2026-09-20 03:07:20+00:00
824546,away_yes,KXMLBGAME-26SEP201410DETCWS-DET,2026-09-20 23:13:35.706303+00:00,2026-09-20 23:40:40.689159+00:00,0.14,0.18,1.0,0.0189,0.02109999999999998,timed_sale,2026-09-20 23:13:35+00:00
824789,home_yes,KXMLBGAME-26SEP201920MILBAL-BAL,2026-09-21 00:07:55.697412+00:00,2026-09-21 00:23:20.694140+00:00,0.19,0.19999999999999998,1.0,0.02200000000000002,-0.012000000000000038,timed_sale,2026-09-21 00:07:55+00:00
824546,away_yes,KXMLBGAME-26SEP201410DETCWS-DET,2026-09-20 23:42:10.687829+00:00,2026-09-21 00:27:00.694789+00:00,0.08,0.019999999999999997,1.0,0.006599999999999998,-0.0666,timed_sale,2026-09-20 23:42:10+00:00
824789,away_yes,KXMLBGAME-26SEP201920MILBAL-MIL,2026-09-21 00:51:25.691244+00:00,2026-09-21 01:08:20.718141+00:00,0.81,0.75,1.0,0.02399999999999991,-0.08399999999999996,timed_sale,2026-09-21 00:51:25+00:00
824221,away_yes,KXMLBGAME-26SEP211840WSHDET-WSH,2026-09-21 23:43:05.693153+00:00,2026-09-22 00:00:30.716948+00:00,0.09,0.01,1.0,0.006499999999999999,-0.0865,timed_sale,2026-09-21 23:43:05+00:00
824787,away_yes,KXMLBGAME-26SEP211835TORBAL-TOR,2026-09-21 23:44:10.728821+00:00,2026-09-22 01:21:00.686154+00:00,0.7,0.77,1.0,0.027100000000000013,0.04290000000000005,timed_sale,2026-09-21 23:44:10+00:00
823169,away_yes,KXMLBGAME-26SEP212145MINSF-MIN,2026-09-22 02:23:35.725280+00:00,2026-09-22 02:38:45.705521+00:00,0.16,0.1,1.0,0.01580000000000001,-0.0758,timed_sale,2026-09-22 02:23:35+00:00
823169,away_yes,KXMLBGAME-26SEP212145MINSF-MIN,2026-09-22 03:10:20.722541+00:00,2026-09-22 03:18:55.715215+00:00,0.09999999999999999,0.07,1.0,0.010900000000000007,-0.04089999999999999,timed_sale,2026-09-22 03:10:20+00:00
823169,away_yes,KXMLBGAME-26SEP212145MINSF-MIN,2026-09-22 03:46:00.723683+00:00,2026-09-22 04:01:10.705655+00:00,0.060000000000000005,0.01,1.0,0.004699999999999996,-0.0547,timed_sale,2026-09-22 03:46:00+00:00
823543,away_yes,KXMLBGAME-26SEP221305TBNYYG1-TB,2026-09-22 18:30:25.683412+00:00,2026-09-22 18:57:35.701899+00:00,0.13,0.04,1.0,0.010700000000000008,-0.10070000000000001,timed_sale,2026-09-22 18:30:25+00:00
824709,home_yes,KXMLBGAME-26SEP221845CLEBOS-BOS,2026-09-22 23:04:35.707677+00:00,2026-09-22 23:20:20.722531+00:00,0.37,0.38,1.0,0.03290000000000004,-0.02290000000000003,timed_sale,2026-09-22 23:04:35+00:00
823412,home_yes,KXMLBGAME-26SEP221840MILPHI-PHI,2026-09-23 00:07:05.704468+00:00,2026-09-23 00:17:15.706203+00:00,0.77,0.53,1.0,0.029899999999999927,-0.2698999999999999,timed_sale,2026-09-23 00:07:05+00:00
823412,away_yes,KXMLBGAME-26SEP221840MILPHI-MIL,2026-09-23 00:21:25.709579+00:00,2026-09-23 00:50:10.690175+00:00,0.43,0.38,1.0,0.03370000000000001,-0.0837,timed_sale,2026-09-23 00:21:25+00:00
824709,home_yes,KXMLBGAME-26SEP221845CLEBOS-BOS,2026-09-23 00:40:15.715857+00:00,2026-09-23 01:17:15.694683+00:00,0.31,0.6,1.0,0.03180000000000005,0.25819999999999993,timed_sale,2026-09-23 00:40:15+00:00
824867,home_yes,KXMLBGAME-26SEP221915CINATL-ATL,2026-09-23 00:58:35.704626+00:00,2026-09-23 01:31:00.712415+00:00,0.17,0.09000000000000001,1.0,0.015699999999999978,-0.09569999999999998,timed_sale,2026-09-23 00:58:35+00:00
823494,home_yes,KXMLBGAME-26SEP221905TBNYYG2-NYY,2026-09-23 00:53:55.691601+00:00,2026-09-23 01:44:35.725872+00:00,0.14,0.01,1.0,0.009199999999999979,-0.1392,timed_sale,2026-09-23 00:53:55+00:00
822840,home_yes,KXMLBGAME-26SEP222005NYMTEX-TEX,2026-09-23 01:51:55.697456+00:00,2026-09-23 02:02:15.727599+00:00,0.28,0.15,1.0,0.0232,-0.15320000000000003,timed_sale,2026-09-23 01:51:55+00:00
824624,away_yes,KXMLBGAME-26SEP221940MIACHC-MIA,2026-09-23 01:32:30.690338+00:00,2026-09-23 02:04:55.726505+00:00,0.32,0.33999999999999997,1.0,0.031100000000000017,-0.011100000000000054,timed_sale,2026-09-23 01:32:30+00:00
823089,home_yes,KXMLBGAME-26SEP222140HOUSEA-SEA,2026-09-23 01:49:55.713170+00:00,2026-09-23 02:39:00.685543+00:00,0.28,0.1,1.0,0.02049999999999999,-0.2005,timed_sale,2026-09-23 01:49:55+00:00
823897,away_yes,KXMLBGAME-26SEP222210SDLAD-SD,2026-09-23 02:47:45.699531+00:00,2026-09-23 03:23:35.712429+00:00,0.31,0.07,1.0,0.019600000000000006,-0.2596,timed_sale,2026-09-23 02:47:45+00:00
823166,home_yes,KXMLBGAME-26SEP222145MINSF-SF,2026-09-23 03:22:30.682450+00:00,2026-09-23 03:40:35.708733+00:00,0.13,0.060000000000000005,1.0,0.012000000000000004,-0.082,timed_sale,2026-09-23 03:22:30+00:00
824953,home_yes,KXMLBGAME-26SEP222140LAAATH-ATH,2026-09-23 02:28:20.724370+00:00,2026-09-23 03:52:40.692162+00:00,0.11,0.1,1.0,0.013200000000000003,-0.0232,timed_sale,2026-09-23 02:28:20+00:00
824953,away_yes,KXMLBGAME-26SEP222140LAAATH-LAA,2026-09-23 04:07:30.700359+00:00,2026-09-23 04:13:55.704731+00:00,0.38,0.7,1.0,0.03120000000000006,0.2887999999999999,timed_sale,2026-09-23 04:07:30+00:00
824953,home_yes,KXMLBGAME-26SEP222140LAAATH-ATH,2026-09-23 04:15:20.712412+00:00,2026-09-23 04:22:30.714112+00:00,0.3,0.31,1.0,0.029700000000000004,-0.019699999999999995,timed_sale,2026-09-23 04:15:20+00:00
824223,home_yes,KXMLBGAME-26SEP231310WSHDET-DET,2026-09-23 18:46:25.711116+00:00,2026-09-23 19:24:50.719241+00:00,0.19,0.07,1.0,0.015399999999999997,-0.1354,timed_sale,2026-09-23 18:46:25+00:00
823168,away_yes,KXMLBGAME-26SEP231545MINSF-MIN,2026-09-23 20:41:30.694210+00:00,2026-09-23 20:52:50.720671+00:00,0.53,0.39,1.0,0.03419999999999995,-0.17419999999999997,timed_sale,2026-09-23 20:41:30+00:00
823168,home_yes,KXMLBGAME-26SEP231545MINSF-SF,2026-09-23 20:53:15.687341+00:00,2026-09-23 21:02:30.729465+00:00,0.53,0.45999999999999996,1.0,0.03489999999999999,-0.10490000000000005,timed_sale,2026-09-23 20:53:15+00:00
823168,home_yes,KXMLBGAME-26SEP231545MINSF-SF,2026-09-23 21:29:35.708940+00:00,2026-09-23 21:41:25.708081+00:00,0.24000000000000002,0.11,1.0,0.01970000000000001,-0.14970000000000003,timed_sale,2026-09-23 21:29:35+00:00
823410,home_yes,KXMLBGAME-26SEP231840MILPHI-PHI,2026-09-23 22:48:35.694893+00:00,2026-09-23 23:18:05.705791+00:00,0.4,0.42,1.0,0.033899999999999986,-0.013900000000000023,timed_sale,2026-09-23 22:48:35+00:00
824060,away_yes,KXMLBGAME-26SEP231940CWSKC-CWS,2026-09-23 23:52:15.701758+00:00,2026-09-24 00:04:00.687482+00:00,0.28,0.15,1.0,0.0232,-0.15320000000000003,timed_sale,2026-09-23 23:52:15+00:00
823410,home_yes,KXMLBGAME-26SEP231840MILPHI-PHI,2026-09-24 00:14:45.691405+00:00,2026-09-24 00:33:25.700146+00:00,0.19,0.049999999999999996,1.0,0.014200000000000011,-0.1542,timed_sale,2026-09-24 00:14:45+00:00
823410,home_yes,KXMLBGAME-26SEP231840MILPHI-PHI,2026-09-24 00:45:10.696063+00:00,2026-09-24 00:53:15.728799+00:00,0.11,0.04,1.0,0.009600000000000004,-0.0796,timed_sale,2026-09-24 00:45:10+00:00
824710,away_yes,KXMLBGAME-26SEP231910CLEBOS-CLE,2026-09-24 00:52:45.721250+00:00,2026-09-24 01:03:55.719106+00:00,0.22,0.16999999999999998,1.0,0.02200000000000002,-0.07200000000000004,timed_sale,2026-09-24 00:52:45+00:00
824868,home_yes,KXMLBGAME-26SEP231915CINATL-ATL,2026-09-24 00:59:00.696142+00:00,2026-09-24 01:19:25.726660+00:00,0.45,0.64,1.0,0.03359999999999996,0.15640000000000004,timed_sale,2026-09-24 00:59:00+00:00
824625,home_yes,KXMLBGAME-26SEP231940MIACHC-CHC,2026-09-24 01:24:40.680882+00:00,2026-09-24 01:43:55.695846+00:00,0.29000000000000004,0.58,1.0,0.03159999999999996,0.25839999999999996,timed_sale,2026-09-24 01:24:40+00:00
824060,away_yes,KXMLBGAME-26SEP231940CWSKC-CWS,2026-09-24 00:59:50.683143+00:00,2026-09-24 01:46:55.711262+00:00,0.52,0.25,1.0,0.03069999999999995,-0.30069999999999997,timed_sale,2026-09-24 00:59:50+00:00
824625,home_yes,KXMLBGAME-26SEP231940MIACHC-CHC,2026-09-24 01:48:00.694059+00:00,2026-09-24 01:59:20.701985+00:00,0.42,0.3,1.0,0.031799999999999995,-0.1518,timed_sale,2026-09-24 01:48:00+00:00
823086,home_yes,KXMLBGAME-26SEP232210HOUSEA-SEA,2026-09-24 02:51:40.720703+00:00,2026-09-24 03:10:10.722665+00:00,0.4,0.41,1.0,0.0338,-0.023800000000000043,timed_sale,2026-09-24 02:51:40+00:00
823086,away_yes,KXMLBGAME-26SEP232210HOUSEA-HOU,2026-09-24 03:11:25.710715+00:00,2026-09-24 03:26:10.711971+00:00,0.63,0.61,1.0,0.03310000000000002,-0.053100000000000036,timed_sale,2026-09-24 03:11:25+00:00
823894,away_yes,KXMLBGAME-26SEP232210SDLAD-SD,2026-09-24 03:24:10.680695+00:00,2026-09-24 03:30:35.699000+00:00,0.49,0.45999999999999996,1.0,0.03489999999999999,-0.06490000000000001,timed_sale,2026-09-24 03:24:10+00:00
823894,home_yes,KXMLBGAME-26SEP232210SDLAD-LAD,2026-09-24 03:31:05.708029+00:00,2026-09-24 03:37:25.687595+00:00,0.54,0.64,1.0,0.03359999999999996,0.06640000000000001,timed_sale,2026-09-24 03:31:05+00:00
823894,home_yes,KXMLBGAME-26SEP232210SDLAD-LAD,2026-09-24 03:40:00.727994+00:00,2026-09-24 03:45:55.697616+00:00,0.49,0.19999999999999998,1.0,0.028699999999999976,-0.3187,timed_sale,2026-09-24 03:40:00+00:00
823894,home_yes,KXMLBGAME-26SEP232210SDLAD-LAD,2026-09-24 03:57:55.707510+00:00,2026-09-24 04:04:40.695779+00:00,0.19,0.13999999999999999,1.0,0.01930000000000001,-0.06930000000000003,timed_sale,2026-09-24 03:57:55+00:00
823086,away_yes,KXMLBGAME-26SEP232210HOUSEA-HOU,2026-09-24 03:50:35.726641+00:00,2026-09-24 04:05:15.687057+00:00,0.44,0.39999999999999997,1.0,0.03410000000000002,-0.07410000000000005,timed_sale,2026-09-24 03:50:35+00:00
824951,away_yes,KXMLBGAME-26SEP232140LAAATH-LAA,2026-09-24 03:53:40.713346+00:00,2026-09-24 04:07:20.712660+00:00,0.08,0.03,1.0,0.007299999999999994,-0.0573,timed_sale,2026-09-24 03:53:40+00:00
823086,home_yes,KXMLBGAME-26SEP232210HOUSEA-SEA,2026-09-24 04:24:20.684508+00:00,2026-09-24 04:36:55.725123+00:00,0.51,0.59,1.0,0.034499999999999975,0.045499999999999985,timed_sale,2026-09-24 04:24:20+00:00
824059,home_yes,KXMLBGAME-26SEP241410CWSKC-KC,2026-09-24 18:13:05.709316+00:00,2026-09-24 18:18:10.683691+00:00,0.27,0.18,1.0,0.0242,-0.11420000000000002,timed_sale,2026-09-24 18:13:05+00:00
824623,home_yes,KXMLBGAME-26SEP241420MIACHC-CHC,2026-09-24 19:04:00.703743+00:00,2026-09-24 19:09:45.715676+00:00,0.58,0.62,1.0,0.03359999999999996,0.006400000000000072,timed_sale,2026-09-24 19:04:00+00:00
824623,home_yes,KXMLBGAME-26SEP241420MIACHC-CHC,2026-09-24 19:20:00.725396+00:00,2026-09-24 19:48:05.729401+00:00,0.44,0.63,1.0,0.03369999999999995,0.15630000000000005,timed_sale,2026-09-24 19:20:00+00:00
824623,away_yes,KXMLBGAME-26SEP241420MIACHC-MIA,2026-09-24 19:54:00.711143+00:00,2026-09-24 20:35:35.682478+00:00,0.36,0.060000000000000005,1.0,0.02019999999999999,-0.3202,timed_sale,2026-09-24 19:54:00+00:00
823411,home_yes,KXMLBGAME-26SEP241805MILPHI-PHI,2026-09-24 22:32:40.688606+00:00,2026-09-24 22:52:25.695181+00:00,0.34,0.33,1.0,0.03129999999999994,-0.04129999999999995,timed_sale,2026-09-24 22:32:40+00:00
823493,home_yes,KXMLBGAME-26SEP241905TBNYY-NYY,2026-09-25 00:24:25.687563+00:00,2026-09-25 00:50:10.684480+00:00,0.16,0.13,1.0,0.017500000000000016,-0.047500000000000014,timed_sale,2026-09-25 00:24:25+00:00
824866,home_yes,KXMLBGAME-26SEP241915CINATL-ATL,2026-09-25 01:28:05.708736+00:00,2026-09-25 01:36:55.694348+00:00,0.33,0.39,1.0,0.03219999999999995,0.027800000000000047,timed_sale,2026-09-25 01:28:05+00:00
824950,home_yes,KXMLBGAME-26SEP242140HOUATH-ATH,2026-09-25 02:02:15.704552+00:00,2026-09-25 02:38:25.712732+00:00,0.17,0.38,1.0,0.026400000000000007,0.18359999999999999,timed_sale,2026-09-25 02:02:15+00:00
823087,away_yes,KXMLBGAME-26SEP242140LAASEA-LAA,2026-09-25 02:14:30.683351+00:00,2026-09-25 03:02:15.714159+00:00,0.19,0.42,1.0,0.027900000000000008,0.20209999999999997,timed_sale,2026-09-25 02:14:30+00:00
824950,away_yes,KXMLBGAME-26SEP242140HOUATH-HOU,2026-09-25 02:39:50.706210+00:00,2026-09-25 03:23:45.683466+00:00,0.52,0.5599999999999999,1.0,0.03480000000000005,0.005199999999999871,timed_sale,2026-09-25 02:39:50+00:00
823895,home_yes,KXMLBGAME-26SEP242210SDLAD-LAD,2026-09-25 03:48:15.682292+00:00,2026-09-25 03:54:30.727986+00:00,0.42,0.37,1.0,0.03350000000000003,-0.08350000000000002,timed_sale,2026-09-25 03:48:15+00:00
823895,away_yes,KXMLBGAME-26SEP242210SDLAD-SD,2026-09-25 03:57:00.696955+00:00,2026-09-25 04:14:30.707384+00:00,0.53,0.79,1.0,0.029199999999999893,0.23080000000000012,timed_sale,2026-09-25 03:57:00+00:00
823895,home_yes,KXMLBGAME-26SEP242210SDLAD-LAD,2026-09-25 04:15:20.706625+00:00,2026-09-25 04:21:00.712761+00:00,0.21000000000000002,0.049999999999999996,1.0,0.015099999999999995,-0.17510000000000003,timed_sale,2026-09-25 04:15:20+00:00
824703,away_yes,KXMLBGAME-26SEP251305CHCBOSG1-CHC,2026-09-25 17:20:45.714747+00:00,2026-09-25 17:43:40.707067+00:00,0.53,0.82,1.0,0.027900000000000036,0.2620999999999999,timed_sale,2026-09-25 17:20:45+00:00
824703,home_yes,KXMLBGAME-26SEP251305CHCBOSG1-BOS,2026-09-25 17:43:50.703612+00:00,2026-09-25 17:51:40.719635+00:00,0.17,0.16,1.0,0.0194,-0.02940000000000001,timed_sale,2026-09-25 17:43:50+00:00
824703,away_yes,KXMLBGAME-26SEP251305CHCBOSG1-CHC,2026-09-25 18:38:15.696829+00:00,2026-09-25 19:00:30.704458+00:00,0.44,0.5,1.0,0.03479999999999994,0.025200000000000056,timed_sale,2026-09-25 18:38:15+00:00
824703,home_yes,KXMLBGAME-26SEP251305CHCBOSG1-BOS,2026-09-25 19:02:25.686225+00:00,2026-09-25 19:13:20.686624+00:00,0.35000000000000003,0.66,1.0,0.031799999999999884,0.2782000000000001,timed_sale,2026-09-25 19:02:25+00:00
824703,away_yes,KXMLBGAME-26SEP251305CHCBOSG1-CHC,2026-09-25 19:13:30.683707+00:00,2026-09-25 19:18:55.711532+00:00,0.33,0.19999999999999998,1.0,0.026699999999999974,-0.1567,timed_sale,2026-09-25 19:13:30+00:00
824706,away_yes,KXMLBGAME-26SEP251910CHCBOS-CHC,2026-09-25 22:00:55.723381+00:00,2026-09-25 22:16:30.691504+00:00,0.52,0.44,1.0,0.03479999999999994,-0.11479999999999996,timed_sale,2026-09-25 22:00:55+00:00
823409,home_yes,KXMLBGAME-26SEP251840TBPHI-PHI,2026-09-26 00:19:20.694177+00:00,2026-09-26 00:34:35.701944+00:00,0.3,0.12000000000000001,1.0,0.022099999999999995,-0.20209999999999997,timed_sale,2026-09-26 00:19:20+00:00
822681,home_yes,KXMLBGAME-26SEP251845NYMWSH-WSH,2026-09-26 00:59:15.684021+00:00,2026-09-26 01:13:40.694475+00:00,0.68,0.85,1.0,0.02429999999999999,0.14569999999999994,timed_sale,2026-09-26 00:59:15+00:00
822760,away_yes,KXMLBGAME-26SEP251907CINTOR-CIN,2026-09-26 01:25:20.716280+00:00,2026-09-26 01:38:50.682406+00:00,0.09,0.09000000000000001,1.0,0.011599999999999985,-0.011599999999999971,timed_sale,2026-09-26 01:25:20+00:00
823248,home_yes,KXMLBGAME-26SEP252140AZSD-SD,2026-09-26 01:50:55.702267+00:00,2026-09-26 02:30:30.702690+00:00,0.22,0.13999999999999999,1.0,0.020600000000000007,-0.10060000000000002,timed_sale,2026-09-26 01:50:55+00:00
824058,home_yes,KXMLBGAME-26SEP251940CLEKC-KC,2026-09-26 01:56:10.708334+00:00,2026-09-26 02:42:15.692885+00:00,0.33,0.08,1.0,0.020699999999999955,-0.27069999999999994,timed_sale,2026-09-26 01:56:10+00:00
823167,home_yes,KXMLBGAME-26SEP252215LADSF-SF,2026-09-26 02:35:30.693249+00:00,2026-09-26 03:18:40.682497+00:00,0.15000000000000002,0.08,1.0,0.014199999999999977,-0.0842,timed_sale,2026-09-26 02:35:30+00:00
824947,away_yes,KXMLBGAME-26SEP252140HOUATH-HOU,2026-09-26 03:28:05.718989+00:00,2026-09-26 03:37:05.717104+00:00,0.35000000000000003,0.049999999999999996,1.0,0.019399999999999966,-0.3194,timed_sale,2026-09-26 03:28:05+00:00
822678,home_yes,KXMLBGAME-26SEP261605NYMWSH-WSH,2026-09-26 18:19:55.718806+00:00,2026-09-26 18:29:50.696806+00:00,0.6,0.16,1.0,0.026300000000000046,-0.46630000000000005,timed_sale,2026-09-26 18:19:55+00:00
824219,home_yes,KXMLBGAME-26SEP261310PITDET-DET,2026-09-26 19:22:25.703555+00:00,2026-09-26 19:42:45.704898+00:00,0.33,0.11,1.0,0.02239999999999996,-0.24239999999999998,timed_sale,2026-09-26 19:22:25+00:00
823653,home_yes,KXMLBGAME-26SEP261610TEXMIN-MIN,2026-09-26 23:07:30.687679+00:00,2026-09-26 23:24:50.704517+00:00,0.17,0.07,1.0,0.014499999999999985,-0.11449999999999999,timed_sale,2026-09-26 23:07:30+00:00
824543,away_yes,KXMLBGAME-26SEP261910COLCWS-COL,2026-09-27 00:02:40.690437+00:00,2026-09-27 00:11:30.721088+00:00,0.48,0.58,1.0,0.03460000000000002,0.06539999999999996,timed_sale,2026-09-27 00:02:40+00:00
823733,home_yes,KXMLBGAME-26SEP261910STLMIL-MIL,2026-09-26 23:35:10.696568+00:00,2026-09-27 01:33:35.723265+00:00,0.53,0.88,1.0,0.024899999999999922,0.32510000000000006,timed_sale,2026-09-26 23:35:10+00:00
824543,home_yes,KXMLBGAME-26SEP261910COLCWS-CWS,2026-09-27 00:43:45.701022+00:00,2026-09-27 01:56:10.699645+00:00,0.22,0.04,1.0,0.0148,-0.1948,timed_sale,2026-09-27 00:43:45+00:00
823245,away_yes,KXMLBGAME-26SEP262040AZSD-AZ,2026-09-27 02:10:55.680376+00:00,2026-09-27 02:22:15.721722+00:00,0.2,0.13,1.0,0.019199999999999995,-0.0892,timed_sale,2026-09-27 02:10:55+00:00
823245,away_yes,KXMLBGAME-26SEP262040AZSD-AZ,2026-09-27 02:28:15.686191+00:00,2026-09-27 02:43:05.710446+00:00,0.11,0.049999999999999996,1.0,0.01030000000000001,-0.07030000000000002,timed_sale,2026-09-27 02:28:15+00:00
823083,home_yes,KXMLBGAME-26SEP262140LAASEA-SEA,2026-09-27 03:01:45.693179+00:00,2026-09-27 03:35:10.726381+00:00,0.6900000000000001,0.49,1.0,0.03249999999999986,-0.23249999999999993,timed_sale,2026-09-27 03:01:45+00:00
824306,home_yes,KXMLBGAME-26SEP162040SDCOL-COL,2026-09-17 01:57:10.721330+00:00,,0.12,0.0,1.0,0.007400000000000018,-0.1274,settlement,2026-09-17 01:57:10+00:00
824305,home_yes,KXMLBGAME-26SEP171510SDCOL-COL,2026-09-17 19:45:10.707952+00:00,,0.15000000000000002,0.0,1.0,0.00899999999999998,-0.159,settlement,2026-09-17 19:45:10+00:00
824138,home_yes,KXMLBGAME-26SEP182010ATLHOU-HOU,2026-09-19 02:01:40.725155+00:00,,0.09999999999999999,0.0,1.0,0.006300000000000014,-0.1063,settlement,2026-09-19 02:01:40+00:00
823571,away_yes,KXMLBGAME-26SEP191610PHINYM-PHI,2026-09-19 22:51:20.714532+00:00,,0.08,0.0,1.0,0.005199999999999996,-0.0852,settlement,2026-09-19 22:51:20+00:00
824137,home_yes,KXMLBGAME-26SEP191910ATLHOU-HOU,2026-09-20 01:03:45.685284+00:00,,0.12,0.0,1.0,0.007400000000000018,-0.1274,settlement,2026-09-20 01:03:45+00:00
823896,away_yes,KXMLBGAME-26SEP201610SFLAD-SF,2026-09-20 21:47:00.696426+00:00,,0.32,0.0,1.0,0.01529999999999998,-0.3353,settlement,2026-09-20 21:47:00+00:00
822842,away_yes,KXMLBGAME-26SEP241435NYMTEX-NYM,2026-09-24 20:12:10.709721+00:00,,0.15000000000000002,0.0,1.0,0.00899999999999998,-0.159,settlement,2026-09-24 20:12:10+00:00
823087,home_yes,KXMLBGAME-26SEP242140LAASEA-SEA,2026-09-25 03:32:00.716942+00:00,,0.35000000000000003,0.0,1.0,0.01599999999999996,-0.366,settlement,2026-09-25 03:32:00+00:00
822678,home_yes,KXMLBGAME-26SEP261605NYMWSH-WSH,2026-09-26 18:30:05.726025+00:00,,0.18000000000000002,0.0,1.0,0.010399999999999993,-0.1904,settlement,2026-09-26 18:30:05+00:00
823083,away_yes,KXMLBGAME-26SEP262140LAASEA-LAA,2026-09-27 04:06:35.710709+00:00,,0.11,0.0,1.0,0.006900000000000003,-0.1169,settlement,2026-09-27 04:06:35+00:00
